Seconds,TC1,TC2,TC3,TC4,TC5,TC6,TC7,TC8,TC9
0,42.12,44.67,42.28,38.23,38.51,37.56,38.9,40.17,40.51
0.25,42.17,44.84,42.34,38.23,38.67,37.67,38.73,40.12,40.73
0.5,42.23,45.01,42.34,38.17,38.62,37.73,38.78,40.06,41.01
0.75,42.28,45.23,42.17,38.12,38.67,37.73,38.9,40.34,41.28
1,42.34,45.45,42.17,38.12,38.67,37.84,38.73,39.9,41.62
1.25,42.4,45.62,42.12,38.12,38.67,37.84,38.73,39.73,41.9
1.5,42.45,45.78,42.34,38.12,38.62,37.9,38.67,39.51,42.17
1.75,42.51,45.84,41.9,38.06,38.62,37.9,38.67,39.51,42.4
2,42.56,46.01,41.9,38.12,38.62,38.01,38.67,39.73,42.73
2.25,42.73,46.17,41.9,38.17,38.78,38.06,38.62,39.62,42.9
2.5,42.95,46.12,42.28,38.12,38.73,38.01,38.73,39.67,43.17
2.75,43.23,46.17,42.01,38.17,38.78,38.06,38.73,39.62,43.23
3,43.73,46.17,42.01,38.17,38.78,38.12,38.73,39.67,43.51
3.25,44.4,46.17,42.06,38.12,38.78,38.17,38.78,39.67,43.67
3.5,45.17,46.23,41.56,38.06,38.84,38.12,38.62,39.84,43.84
3.75,45.67,46.12,41.4,38.17,38.9,38.23,38.67,40.01,43.84
4,46.17,45.95,41.62,38.12,38.95,38.34,38.62,40.34,44.06
4.25,46.4,45.95,41.78,38.06,39.06,38.34,38.84,40.51,44.12
4.5,46.56,45.84,41.84,38.12,39.06,38.4,38.73,40.45,44.23
4.75,46.62,45.73,41.78,38.12,39.06,38.45,38.67,40.62,44.28
5,46.56,45.67,41.73,38.12,39.28,38.45,38.62,40.73,44.34
5.25,46.62,45.62,41.78,38.12,39.34,38.62,39.01,40.95,44.45
5.5,46.78,45.51,41.56,38.12,39.45,38.67,39.01,41.34,44.51
5.75,47.06,45.34,41.56,38.17,39.45,38.73,39.12,41.45,44.67
6,47.51,45.23,41.62,38.17,39.51,38.84,39.12,41.51,44.73
6.25,47.73,45.17,41.67,38.17,39.51,38.84,39.23,41.51,44.78
6.5,47.95,44.95,41.73,38.17,39.62,38.78,39.28,41.56,44.78
6.75,48.12,44.9,41.67,38.23,39.62,38.78,39.67,41.67,44.9
7,48.4,44.78,41.67,38.28,39.73,39.06,39.62,41.67,44.95
7.25,48.56,44.73,41.62,38.28,39.73,39.12,39.67,41.62,44.95
7.5,48.62,44.56,41.62,38.28,39.84,39.06,39.9,41.95,44.95
7.75,49.06,44.51,41.73,38.34,39.9,39.23,39.73,42.12,44.95
8,49.62,44.34,41.67,38.34,39.9,39.17,39.9,43.4,44.95
8.25,50.28,44.34,41.4,38.34,40.12,39.4,39.95,44.34,44.95
8.5,50.84,44.17,41.51,38.28,40.12,39.45,40.06,44.73,44.9
8.75,51.28,44.23,41.45,38.45,40.06,39.56,40.12,45.28,44.95
9,51.62,44.06,41.51,38.45,40.23,39.67,40.17,45.73,44.9
9.25,51.78,44.06,41.34,38.51,40.17,39.95,40.28,45.84,44.78
9.5,51.84,44.06,41.51,38.4,40.06,40.28,40.45,45.84,44.84
9.75,52.01,44.06,41.78,38.51,40.34,41.06,40.62,45.56,44.84
10,51.95,44.06,41.95,38.56,40.45,41.51,40.73,45.17,44.9
10.25,51.9,44.12,42.4,38.56,40.4,41.73,40.78,45.45,44.95
10.5,51.95,44.23,42.56,38.56,40.34,42.4,40.95,45.34,44.9
10.75,51.95,44.28,42.4,38.67,40.45,43.23,40.73,45.51,44.9
11,52.01,44.45,42.56,38.62,40.4,43.95,40.78,45.45,45.01
11.25,52.06,44.56,42.56,38.73,40.51,45.62,40.84,45.51,45.06
11.5,52.12,44.67,42.45,38.78,40.51,47.9,41.12,45.62,45.12
11.75,52.28,44.78,42.28,38.78,40.62,50.84,41.28,45.84,45.12
12,52.28,44.95,42.84,38.73,40.67,53.23,41.34,45.9,45.17
12.25,52.62,45.06,43.4,38.84,40.78,52.4,41.51,45.95,45.17
12.5,53.06,45.23,43.56,38.9,40.78,49.4,41.73,46.06,45.17
12.75,53.34,45.23,43.62,39.01,41.01,47.45,41.9,46.28,45.06
13,53.78,45.23,43.84,39.06,41.23,46.62,41.95,46.34,45.17
13.25,54.06,45.45,43.45,39.01,41.62,47.01,42.12,46.51,45.12
13.5,54.4,45.62,43.56,39.06,42.01,47.01,42.01,47.06,45.12
13.75,54.51,45.84,43.28,39.17,42.45,47.34,41.95,47.34,45.17
14,54.51,46.01,44.12,39.12,42.84,48.23,42.23,47.56,45.34
14.25,54.62,46.17,44.56,39.28,43.12,48.67,42.17,47.95,45.4
14.5,54.62,46.4,45.56,39.28,43.34,47.51,42.45,48.17,45.45
14.75,54.67,46.56,46.56,39.4,43.4,46.67,42.28,47.78,45.45
15,55.06,46.73,46.84,39.51,43.62,46.34,42.45,47.34,45.51
15.25,55.56,46.78,47.34,39.51,43.78,47.01,42.4,47.01,45.56
15.5,56.01,46.95,49.45,39.62,44.06,48.01,42.51,47.01,45.56
15.75,56.51,47.01,52.78,39.56,44.28,49.01,42.45,46.95,45.67
16,56.84,47.23,56.9,39.73,44.45,50.67,42.67,47.34,45.78
16.25,57.01,47.45,60.45,39.84,44.73,52.4,42.56,48.34,45.95
16.5,57.12,47.56,63.56,40.01,44.78,54.28,42.84,48.28,46.06
16.75,57.17,47.73,66.51,40.06,44.9,54.56,42.84,48.01,46.17
17,57.23,47.84,69.12,40.28,44.95,52.45,42.95,47.73,46.28
17.25,57.12,47.95,70.95,40.45,45.06,50.34,42.95,47.56,46.4
17.5,57.12,48.01,70.45,40.73,45.17,49.06,43.06,47.56,46.34
17.75,57.34,48.12,67.17,40.95,45.34,48.17,43.23,47.56,46.45
18,57.45,48.12,63.73,41.23,45.78,47.78,43.67,47.78,46.51
18.25,57.9,48.34,63.01,41.51,46.12,47.67,43.67,48.28,46.56
18.5,58.17,48.28,62.95,41.73,46.4,47.73,43.62,48.95,46.73
18.75,58.45,48.34,62.45,41.95,46.78,47.95,44.06,49.01,46.9
19,58.56,48.45,61.67,42.23,47.01,48.17,44.06,48.84,47.01
19.25,58.73,48.51,60.56,42.45,47.23,48.34,44.23,48.62,47.23
19.5,58.73,48.62,59.78,42.67,47.28,48.34,44.45,48.4,47.34
19.75,58.9,48.62,59.06,43.06,47.4,48.62,45.17,48.23,47.4
20,58.9,48.73,57.95,43.23,47.51,49.01,45.62,48.62,47.34
20.25,59.12,48.73,57.84,43.45,47.56,49.62,45.9,49.06,47.62
20.5,59.67,48.9,59.34,43.62,47.56,50.23,46.06,49.62,47.67
20.75,60.28,49.01,63.56,43.9,47.62,51.06,45.95,50.23,47.84
21,60.95,49.12,67.28,44.12,47.73,51.84,46.23,50.45,48.06
21.25,61.34,49.17,70.45,44.34,47.78,53.01,46.12,49.95,48.23
21.5,61.45,49.28,72.67,44.56,47.84,53.34,46.17,49.62,48.62
21.75,61.51,49.34,75.12,44.73,48.01,52.78,46.28,49.45,49.12
22,61.51,49.34,77.28,44.95,48.23,51.73,46.28,49.45,49.67
22.25,61.45,49.34,75.51,45.17,48.51,51.51,46.45,49.34,50.62
22.5,61.51,49.45,72.9,45.51,48.78,52.56,46.56,49.28,51.78
22.75,61.51,49.51,70.51,45.78,49.12,53.62,46.45,49.45,52.9
23,61.45,49.51,68.45,45.95,49.34,55.06,46.84,50.17,54.06
23.25,61.51,49.62,66.84,46.23,49.56,56.45,46.84,50.45,54.84
23.5,61.4,49.62,65.34,46.56,49.78,58.84,47.01,50.28,55.67
23.75,61.51,49.73,63.62,46.78,50.01,60.67,46.95,50.01,54.84
24,61.51,49.78,62.34,47.01,50.12,60.06,47.23,50.17,53.84
24.25,61.67,49.78,61.78,47.17,50.28,57.56,47.62,50.23,53.56
24.5,61.9,49.84,61.12,47.4,50.23,56.01,47.45,50.4,53.9
24.75,62.45,49.9,61.34,47.62,50.34,54.95,47.78,50.73,54.9
25,63.17,49.95,63.78,47.67,50.56,54.56,47.9,50.9,55.84
25.25,63.78,49.9,66.51,47.9,50.9,54.4,48.34,51.34,57.51
25.5,64.28,50.06,67.62,47.95,51.23,54.51,48.23,51.67,58.9
25.75,64.62,50.17,68.4,48.17,51.51,55.23,47.95,51.62,58.95
26,64.62,50.28,68.12,48.28,51.73,55.62,47.78,51.62,57.62
26.25,64.67,50.4,67.45,48.62,52.01,56.01,47.73,51.62,56.34
26.5,64.84,50.56,67.51,48.78,52.06,57.28,47.78,51.62,55.95
26.75,64.84,50.56,66.78,48.95,52.17,57.78,47.56,51.95,56.12
27,64.9,50.73,66.34,49.17,52.28,56.9,47.9,52.45,56.56
27.25,64.9,50.95,66.12,49.34,52.56,56.45,48.23,52.4,57.12
27.5,64.95,51.17,65.95,49.62,52.73,55.78,48.17,52.73,57.95
27.75,65.12,51.45,67.78,49.78,52.9,56.67,48.23,52.95,58.67
28,65.45,51.78,73.01,50.06,53.17,57.56,48.62,53.4,59.28
28.25,65.73,52.12,76.45,50.28,53.28,58.78,48.78,53.56,59.73
28.5,66.06,52.45,78.9,50.34,53.51,60.45,48.95,53.34,58.9
28.75,66.17,52.73,81.45,50.56,53.67,62.34,49.01,53.4,58.4
29,66.23,53.01,84.17,50.73,53.78,64.73,49.01,53.62,57.73
29.25,66.34,53.28,83.84,51.01,54.01,65.01,49.17,53.73,56.95
29.5,66.51,53.62,81.23,51.17,54.17,63.45,48.84,54.01,56.56
29.75,66.51,53.95,78.62,51.4,54.28,60.95,49.28,54.12,56.17
30,66.56,54.4,75.23,51.67,54.34,59.28,49.45,54.67,56.01
30.25,66.9,54.62,72.45,52.01,54.56,58.34,49.51,54.84,55.84
30.5,67.34,54.9,73.01,52.12,54.84,57.84,49.9,55.4,55.84
30.75,67.73,55.28,75.78,52.28,55.23,57.78,49.67,56.12,55.78
31,68.17,55.56,76.51,52.56,55.51,57.45,50.12,56.28,55.84
31.25,68.34,55.84,76.06,52.67,55.78,57.45,50.17,56.67,56.34
31.5,68.34,56.12,75.34,52.9,56.01,57.62,50.34,56.84,56.95
31.75,68.28,56.51,74.78,53.01,56.23,57.51,50.17,56.67,57.95
32,68.17,56.78,73.28,53.34,56.28,57.56,50.17,56.67,59.28
32.25,68.28,57.06,72.4,53.51,56.34,58.51,50.17,56.9,60.56
32.5,68.17,57.23,71.73,53.67,56.34,59.34,50.45,57.56,62.51
32.75,68.17,57.45,71.34,53.9,56.51,60.34,50.56,57.45,63.78
33,68.34,57.62,71.73,54.06,56.45,62.23,50.45,57.4,63.78
33.25,68.51,57.84,75.28,54.28,56.51,64.56,50.34,57.01,62.12
33.5,68.78,57.95,80.28,54.45,56.51,67.45,50.23,56.56,60.95
33.75,69.06,58.06,82.23,54.56,56.4,67.17,50.17,56.17,60.56
34,69.34,58.17,85.67,54.73,56.51,64.95,50.23,56.01,60.67
34.25,69.34,58.34,90.23,54.84,56.51,62.78,50.34,55.95,60.9
34.5,69.4,58.56,90.73,55.17,56.67,62.01,50.51,56.17,61.67
34.75,69.45,58.62,87.95,55.34,56.84,61.45,50.73,56.84,62.23
35,69.51,58.78,84.62,55.45,57.23,61.12,50.9,57.51,62.84
35.25,69.51,58.9,81.73,55.73,57.51,61.17,50.84,57.34,63.34
35.5,69.62,59.12,79.62,56.01,57.84,61.51,50.45,57.23,63.56
35.75,69.62,59.34,77.73,56.23,58.12,62.12,50.45,57.28,62.45
36,69.62,59.62,76.06,56.4,58.34,62.23,50.28,57.06,61.73
36.25,69.67,59.78,74.67,56.67,58.51,63.34,50.12,57.34,61.45
36.5,69.56,60.06,73.23,56.78,58.67,64.34,50.45,57.01,61.45
36.75,69.51,60.23,72.28,57.01,58.73,63.62,50.56,57.12,61.84
37,69.78,60.34,70.67,57.06,58.73,63.01,51.34,56.95,62.56
37.25,70.12,60.4,70.34,57.23,58.9,62.23,51.45,57.28,63.51
37.5,70.62,60.56,73.4,57.34,59.01,62.62,51.67,57.06,64.67
37.75,71.12,60.73,78.01,57.4,59.23,63.51,51.4,57.06,66.34
38,71.51,60.73,81.9,57.45,59.4,64.62,52.23,57.28,68.23
38.25,71.73,60.9,84.45,57.56,59.56,65.95,52.51,57.23,69.01
38.5,71.78,61.01,86.28,57.73,59.73,67.4,52.01,57.34,68.28
38.75,71.73,61.12,87.78,57.78,59.95,69.56,52.45,57.17,66.84
39,71.78,61.4,89.4,57.95,60.12,70.17,51.67,57.06,66.23
39.25,71.73,61.51,87.4,58.23,60.12,68.17,51.67,57.01,66.06
39.5,71.62,61.62,85.01,58.28,60.17,66.23,51.84,56.9,66.34
39.75,71.51,61.73,82.01,58.56,60.17,65.34,51.9,56.9,66.95
40,71.56,61.9,79.56,58.78,60.34,64.56,51.95,57.17,67.84
40.25,71.73,61.95,79.67,58.95,60.56,64.28,52.01,57.12,68.56
40.5,71.84,62.06,81.17,59.12,60.73,64.34,52.28,57.51,69.4
40.75,72.06,62.34,81.78,59.28,60.95,64.67,52.06,57.67,69.56
41,72.23,62.45,81.23,59.45,61.17,65.28,52.01,57.95,69.12
41.25,72.17,62.51,80.23,59.56,61.23,65.9,51.78,57.95,68.28
41.5,72.28,62.73,79.67,59.78,61.34,66.78,52.73,58.01,67.67
41.75,72.28,62.84,79.23,59.9,61.34,67.56,52.78,58.06,66.84
42,72.56,62.95,78.56,60.12,61.34,67.4,53.01,58.12,66.17
42.25,72.84,63.06,77.67,60.23,61.4,66.78,52.67,57.95,65.84
42.5,73.06,63.23,76.9,60.4,61.51,65.95,52.62,58.06,65.62
42.75,73.34,63.56,76.62,60.62,61.67,65.34,53.01,58.12,65.51
43,73.4,63.9,78.84,60.62,61.9,64.73,53.73,58.28,65.51
43.25,73.51,64.17,82.67,60.95,62.12,64.28,53.34,58.51,65.62
43.5,73.45,64.51,85.56,61.01,62.17,64.17,53.51,58.62,65.67
43.75,73.4,64.78,87.84,61.06,62.4,64.28,53.73,58.62,66.34
44,73.4,64.9,90.78,61.28,62.45,64.67,53.51,58.9,67.28
44.25,73.34,65.12,92.17,61.4,62.73,64.73,53.56,59.06,68.06
44.5,73.06,65.28,90.67,61.67,62.78,65.06,53.62,59.28,69.01
44.75,73.12,65.51,87.51,61.78,62.84,65.62,53.78,59.4,69.95
45,72.95,65.62,85.62,61.9,62.9,66.34,53.4,59.28,70.84
45.25,72.84,65.73,83.01,62.06,62.84,67.51,53.45,59.12,71.01
45.5,72.9,65.84,81.01,62.23,62.73,68.9,53.73,59.12,70.45
45.75,72.84,66.01,82.23,62.45,62.73,71.12,53.78,59.12,69.67
46,72.67,66.17,82.84,62.56,62.73,73.4,53.67,59.12,69.34
46.25,72.62,66.34,83.28,62.73,62.67,72.67,53.73,59.23,69.23
46.5,72.56,66.56,83.23,62.9,62.73,70.01,54.01,59.28,69.51
46.75,72.56,66.84,82.56,63.12,62.78,68.9,54.06,59.4,69.9
47,72.51,66.95,81.95,63.23,62.84,68.06,54.51,59.56,70.62
47.25,72.45,67.12,80.9,63.51,63.23,67.78,54.51,59.56,71.73
47.5,72.45,67.34,80.28,63.56,63.4,67.45,54.45,59.67,72.78
47.75,72.51,67.56,79.84,63.78,63.78,68.17,54.51,59.51,74.34
48,72.45,67.73,79.34,63.9,63.9,68.4,54.56,59.56,75.51
48.25,72.45,67.9,78.45,64.12,64.12,68.62,55.73,59.62,75.28
48.5,72.4,68.06,77.95,64.28,64.34,68.67,55.4,59.45,73.95
48.75,72.34,68.23,77.12,64.34,64.45,69.51,55.4,59.84,72.84
49,72.4,68.28,76.12,64.56,64.51,70.12,56.12,59.84,72.45
49.25,72.34,68.45,75.56,64.62,64.56,69.62,56.23,59.78,72.4
49.5,72.4,68.67,75.84,64.84,64.67,69.34,56.45,59.84,72.73
49.75,72.4,68.84,77.56,64.9,64.84,69.78,56.34,59.67,73.28
50,72.4,69.12,80.28,65.06,65.01,70.9,56.78,59.67,74.12
50.25,72.45,69.34,82.9,65.12,65.17,72.34,56.4,59.73,74.78
50.5,72.51,69.51,85.28,65.17,65.12,74.28,56.12,59.84,75.17
50.75,72.56,69.67,87.95,65.34,65.34,74.78,56.28,59.78,74.95
51,72.62,69.78,90.28,65.45,65.51,73.73,56.34,59.9,74.06
51.25,72.84,69.73,91.9,65.62,65.56,71.62,56.84,59.95,73.17
51.5,73.28,69.9,92.34,65.78,65.62,70.62,56.78,60.06,72.84
51.75,73.84,70.06,91.4,65.9,65.73,69.78,56.51,60.06,73.01
52,74.45,70.34,89.12,66.12,65.9,69.23,56.84,60.12,73.28
52.25,74.84,70.67,86.73,66.34,66.01,68.95,56.45,60.12,73.84
52.5,75.17,70.84,84.73,66.56,66.28,68.62,56.84,60.28,74.67
52.75,75.51,71.06,83.51,66.73,66.4,68.4,57.06,60.62,75.84
53,75.67,71.4,83.45,66.9,66.56,68.12,57.34,60.9,77.51
53.25,75.78,71.56,83.73,67.06,66.67,68.01,57.51,60.78,78.51
53.5,75.84,71.67,84.17,67.28,66.73,68.01,58.01,60.95,78.45
53.75,75.84,71.9,83.45,67.45,66.73,68.01,58.67,61.01,77.95
54,75.78,72.06,83.56,67.62,66.73,67.95,58.34,61.28,76.84
54.25,75.9,72.28,82.62,67.78,66.67,67.84,58.56,61.28,75.95
54.5,76.01,72.51,82.34,67.95,66.73,67.84,58.78,61.45,75.45
54.75,76.12,72.62,83.34,68.06,66.67,67.73,57.95,61.67,75.06
55,76.17,72.56,86.95,68.12,66.56,67.84,58.51,61.84,74.78
55.25,76.28,72.78,89.62,68.28,66.62,67.9,58.78,61.84,74.51
55.5,76.4,72.9,92.23,68.51,66.67,67.9,59.28,61.84,74.12
55.75,76.51,72.95,93.4,68.56,66.67,67.78,59.06,62.12,74.23
56,76.51,73.06,94.84,68.67,66.56,67.84,58.84,62.45,74.28
56.25,76.67,73.23,94.06,68.78,66.62,67.67,59.01,62.78,74.56
56.5,77.12,73.51,92.17,68.95,66.73,67.67,58.23,63.23,75.01
56.75,77.56,73.62,90.17,69.12,66.67,67.84,57.9,63.78,75.67
57,77.9,73.84,88.12,69.23,66.62,68.01,57.56,63.9,76.62
57.25,78.28,74.01,86.62,69.34,66.62,68.06,57.28,64.23,77.28
57.5,78.56,74.06,85.28,69.51,66.62,68.12,57.23,64.01,77.95
57.75,78.78,74.12,84.34,69.67,66.67,68.45,57.06,64.06,78.4
58,78.95,74.12,83.4,69.67,66.51,68.45,57.01,64.34,77.78
58.25,78.9,74.12,82.23,69.78,66.51,68.95,56.95,64.34,76.95
58.5,78.84,74.06,81.28,69.9,66.51,69.12,56.9,64.28,76.56
58.75,78.78,74.28,80.56,70.01,66.62,69.51,56.9,64.73,76.51
59,78.73,74.28,79.9,70.06,66.56,69.95,56.78,65.45,76.67
59.25,78.62,74.51,78.95,70.12,66.62,70.67,56.78,65.84,77.06
59.5,78.73,74.56,78.06,70.06,66.67,71.56,57.06,66.51,77.67
59.75,78.62,74.62,77.67,70.28,66.67,73.17,57.06,66.67,78.56
60,78.62,74.56,77.17,70.23,66.67,75.45,57.12,67.01,79.62
60.25,78.73,74.67,76.95,70.23,66.73,78.06,57.4,67.12,80.56
60.5,78.84,74.62,76.84,70.34,66.78,79.28,57.56,67.28,80.67
60.75,78.95,74.56,76.62,70.45,66.9,78.45,57.62,67.45,79.56
61,79.17,74.62,76.4,70.4,67.01,75.4,57.73,67.73,79.12
61.25,79.45,74.62,76.12,70.56,67.12,73.95,57.84,68.01,79.28
61.5,79.73,74.67,76.01,70.56,67.4,73.17,58.01,68.17,79.73
61.75,79.95,74.56,75.78,70.56,67.73,73.28,58.06,68.62,80.06
62,80.01,74.67,75.56,70.62,68.17,74.34,58.06,68.73,80.62
62.25,80.23,74.78,75.56,70.62,68.56,74.78,58.17,68.84,81.01
62.5,80.34,74.73,75.23,70.73,68.9,74.51,58.23,68.95,80.84
62.75,80.4,74.78,75.28,70.67,69.23,74.73,58.28,69.28,80.23
63,80.45,74.78,76.17,70.78,69.51,73.84,58.45,69.12,79.4
63.25,80.56,74.84,77.28,70.78,69.67,73.12,58.56,69.12,78.73
63.5,80.9,74.78,77.17,70.9,69.78,72.95,58.51,69.28,78.06
63.75,81.34,74.84,77.34,71.01,69.95,73.23,58.73,69.51,77.62
64,81.73,74.9,78.95,71.01,70.17,73.73,58.84,69.73,77.23
64.25,82.17,74.95,80.78,71.06,70.23,74.56,58.9,69.84,76.95
64.5,82.51,74.95,83.78,71.17,70.34,75.67,59.06,70.06,76.62
64.75,82.84,74.95,86.4,71.28,70.51,77.45,59.4,70.01,76.34
65,82.9,74.9,89.17,71.17,70.73,79.23,59.84,70.45,76.06
65.25,83.23,75.01,92.67,71.34,70.84,79.95,60.06,70.51,75.9
65.5,83.06,74.95,94.67,71.34,70.95,78.67,60.34,70.67,75.78
65.75,83.01,74.95,94.45,71.45,71.01,77.12,60.73,70.78,75.62
66,82.9,75.06,93.12,71.56,71.12,75.95,60.9,70.9,75.45
66.25,83.01,75.12,91.01,71.62,71.34,75.06,61.23,70.9,75.45
66.5,83.12,75.12,88.9,71.73,71.67,74.56,61.56,70.78,75.4
66.75,83.28,75.12,87.9,71.95,71.84,74.28,61.73,71.01,75.28
67,83.51,75.28,88.01,72.06,72.12,74.28,62.01,71.12,75.28
67.25,83.73,75.28,87.73,72.17,72.34,74.45,62.28,71.28,75.28
67.5,83.78,75.45,87.45,72.23,72.56,74.45,63.12,71.28,75.34
67.75,83.78,75.45,86.9,72.28,72.67,74.56,63.01,71.23,75.28
68,83.9,75.51,86.28,72.45,72.78,74.67,63.51,71.28,75.4
68.25,83.9,75.62,85.84,72.56,72.95,74.9,63.4,71.45,75.28
68.5,83.95,75.62,85.23,72.67,72.9,75.17,63.67,71.45,75.34
68.75,84.12,75.62,85.34,72.73,72.9,76.01,63.67,71.56,75.45
69,84.56,75.73,87.9,72.78,72.95,77.12,64.01,71.56,75.34
69.25,85.01,75.78,90.84,72.95,72.95,78.06,64.12,71.95,75.45
69.5,85.4,75.84,93.01,73.01,73.01,78.45,64.34,71.95,75.67
69.75,85.78,75.78,95.95,73.12,73.01,78.12,64.28,72.01,75.78
70,86.12,75.95,97.95,73.23,73.17,77.62,64.4,72.23,75.9
70.25,86.17,76.01,98.56,73.28,73.23,76.78,64.67,72.45,76.4
70.5,86.28,76.06,97.45,73.4,73.45,76.67,64.56,72.23,77.01
70.75,86.28,76.23,95.56,73.67,73.67,76.95,64.62,72.12,77.67
71,86.23,76.34,93.73,73.78,73.9,77.51,64.62,72.45,78.62
71.25,86.12,76.45,92.17,73.95,74.12,78.23,64.62,72.4,79.51
71.5,86.06,76.56,90.73,74.06,74.23,79.23,64.78,72.67,80.51
71.75,86.01,76.62,89.45,74.23,74.34,81.12,64.95,72.56,81.28
72,85.95,76.67,88.17,74.45,74.56,83.95,64.95,72.67,82.23
72.25,85.95,76.78,86.9,74.56,74.62,85.51,65.34,72.78,82.17
72.5,85.95,76.78,85.9,74.78,74.95,85.23,65.73,72.95,81.28
72.75,85.95,76.9,85.34,74.95,75.12,82.4,65.78,73.01,80.78
73,86.28,77.06,85.9,74.95,75.17,80.95,66.06,73.12,81.06
73.25,86.78,77.17,87.12,75.12,75.34,79.95,65.95,73.28,81.67
73.5,87.23,77.34,88.78,75.23,75.62,79.62,65.95,73.95,82.67
73.75,87.67,77.51,90.4,75.4,75.9,79.45,66.01,74.28,83.73
74,88.06,77.73,90.56,75.45,76.23,80.01,65.9,74.45,84.45
74.25,88.23,77.9,91.06,75.67,76.34,80.62,65.67,74.45,84.4
74.5,88.56,78.12,90.78,75.78,76.56,81.34,65.62,74.12,83.06
74.75,88.73,78.4,90.84,76.01,76.78,81.67,65.78,74.12,82.34
75,88.73,78.51,91.06,76.06,76.84,81.9,65.95,74.45,82.12
75.25,88.73,78.73,91.67,76.28,77.01,82.17,65.73,74.23,82.28
75.5,88.62,78.95,91.06,76.4,77.01,81.4,65.78,74.4,82.67
75.75,88.45,79.06,90.4,76.56,77.01,80.84,65.78,74.84,83.23
76,88.45,79.34,90.73,76.73,77.06,80.45,65.67,75.28,83.84
76.25,88.56,79.51,93.62,76.9,77.28,80.78,65.67,75.56,84.62
76.5,88.67,79.78,96.17,77.12,77.4,81.45,65.67,75.4,85.28
76.75,88.78,79.95,98.17,77.17,77.51,82.56,66.01,75.34,85.78
77,89.12,80.23,101.34,77.34,77.78,84.34,65.95,75.34,85.4
77.25,89.12,80.4,103.62,77.51,77.84,86.28,65.95,75.51,84.78
77.5,89.28,80.62,103.34,77.62,77.95,88.34,66.23,75.34,83.95
77.75,89.28,81.01,101.51,77.78,78.12,88.67,66.51,75.28,83.17
78,89.28,81.12,100.28,78.01,78.17,86.84,66.45,75.62,82.78
78.25,89.28,81.34,98.34,78.23,78.28,85.4,66.28,76.01,82.45
78.5,89.51,81.56,96.45,78.4,78.34,84.06,66.4,76.34,82.17
78.75,89.84,81.78,95.4,78.62,78.62,83.06,66.45,76.51,81.95
79,90.28,82.01,95.95,78.78,78.9,82.28,66.4,76.62,81.95
79.25,90.62,82.23,96.73,78.95,79.17,81.9,66.34,76.45,81.84
79.5,90.84,82.51,96.95,79.12,79.4,81.62,66.4,76.28,81.95
79.75,91.23,82.67,96.67,79.28,79.62,81.84,66.62,76.51,82.23
80,91.34,82.78,96.56,79.45,79.67,81.95,66.56,76.56,82.67
80.25,91.34,83.06,96.34,79.56,79.84,82.12,66.67,76.56,83.34
80.5,91.4,83.28,96.4,79.73,79.84,82.34,66.62,76.67,84.12
80.75,91.34,83.45,95.9,79.84,79.84,82.84,66.56,77.12,85.17
81,91.23,83.45,95.06,80.12,79.9,83.67,66.62,77.17,86.4
81.25,91.12,83.67,94.17,80.12,79.78,84.9,66.56,77.01,86.84
81.5,91.17,83.73,95.51,80.34,79.84,87.51,66.67,76.84,85.78
81.75,91.34,83.9,99.23,80.45,79.78,89.62,66.67,76.9,84.95
82,91.45,83.9,101.51,80.51,79.67,91.23,66.45,76.95,84.45
82.25,91.56,84.01,105.06,80.62,79.73,91.23,66.4,77.17,84.4
82.5,91.67,84.12,107.67,80.73,79.73,88.84,66.45,77.34,84.84
82.75,91.67,84.17,109.56,80.9,79.73,86.56,66.4,77.56,85.4
83,91.73,84.23,108.56,81.06,79.84,85.34,66.4,78.06,86.12
83.25,91.67,84.4,106.06,81.23,80.12,84.78,66.34,77.95,86.62
83.5,91.73,84.56,103.73,81.4,80.4,84.67,66.4,77.73,87.17
83.75,91.73,84.78,101.9,81.67,80.62,85.06,66.28,77.73,87.73
84,91.78,85.06,99.9,81.78,80.78,86.34,66.34,77.84,87.23
84.25,91.78,85.23,98.06,82.06,81.06,87.06,66.23,77.84,86.28
84.5,91.84,85.45,96.78,82.12,81.17,87.23,66.28,78.01,85.84
84.75,91.78,85.62,95.73,82.28,81.28,86.78,66.28,78.23,85.4
85,91.84,85.84,94.51,82.4,81.34,86.78,66.34,78.23,85.51
85.25,91.9,85.95,94.73,82.51,81.28,85.78,66.28,78.17,85.73
85.5,92.12,86.12,95.51,82.56,81.34,85.34,66.4,78.34,86.28
85.75,92.51,86.23,96.84,82.67,81.45,85.06,66.4,78.4,87.01
86,92.9,86.4,98.56,82.84,81.45,85.51,66.45,78.28,88.01
86.25,93.17,86.51,101.17,82.95,81.62,86.06,66.51,78.28,89.28
86.5,93.51,86.56,103.06,83.01,81.67,87.12,66.62,78.45,90.51
86.75,93.62,86.62,105.67,83.12,81.67,88.67,66.62,78.4,90.51
87,93.78,86.73,107.56,83.17,81.73,90.4,66.73,78.23,89.67
87.25,93.95,86.84,107.34,83.28,81.73,91.95,66.78,78.23,88.78
87.5,93.84,86.9,105.56,83.4,81.9,92.17,66.78,78.23,88.51
87.75,93.84,87.06,104.17,83.67,81.95,89.78,66.9,78.34,88.78
88,93.73,87.17,102.23,83.84,81.95,88.28,66.9,78.45,89.4
88.25,93.56,87.17,100.45,83.95,82.06,87.34,66.95,78.34,89.84
88.5,93.56,87.17,99.67,84.12,82.12,86.9,67.01,78.62,90.62
88.75,93.67,87.28,100.4,84.17,82.4,86.67,67.12,78.56,91.4
89,93.78,87.17,100.73,84.28,82.56,86.78,67.4,78.73,92.23
89.25,93.84,87.28,100.84,84.45,82.73,87.17,67.45,78.78,92.62
89.5,93.9,87.23,100.78,84.56,83.01,87.51,67.45,78.9,91.84
89.75,93.73,87.23,100.62,84.62,83.06,87.78,67.45,78.9,90.73
90,93.9,87.17,100.67,84.73,83.12,88.17,67.56,79.01,89.95
90.25,94.12,87.23,100.4,84.9,83.06,88.56,67.84,79.01,89.45
90.5,94.34,87.17,100.28,85.01,83.06,88.56,67.9,78.95,89.01
90.75,94.73,87.28,99.34,85.06,83.23,88.4,67.84,79.06,88.67
91,94.78,87.17,99.01,85.17,83.17,87.67,67.9,79.23,88.56
91.25,94.95,87.34,99.78,85.34,83.34,86.95,68.12,79.45,88.34
91.5,95.01,87.23,101.95,85.45,83.4,86.56,68.17,79.51,88.17
91.75,95.06,87.34,103.17,85.56,83.4,86.4,68.12,79.62,88.17
92,95.06,87.28,105.01,85.56,83.51,86.23,68.17,79.56,88.17
92.25,95.01,87.28,106.56,85.67,83.56,86.45,68.17,79.51,88.56
92.5,94.9,87.34,107.78,85.78,83.73,86.73,68.34,79.51,89.28
92.75,94.78,87.34,108.06,85.78,83.73,86.9,68.34,79.45,90.01
93,94.78,87.51,107.17,86.01,83.9,87.17,68.28,79.4,90.95
93.25,94.56,87.51,105.84,86.12,83.95,87.62,68.4,79.45,91.67
93.5,94.56,87.67,104.51,86.4,83.9,88.12,68.45,79.56,92.28
93.75,94.56,87.78,103.01,86.45,83.9,88.78,68.56,79.62,92.67
94,94.45,87.9,101.78,86.62,83.9,89.9,68.45,79.67,92.12
94.25,94.51,88.06,101.73,86.73,83.9,91.78,68.62,79.67,91.12
94.5,94.4,88.17,102.06,86.84,83.9,93.06,68.56,79.73,90.56
94.75,94.28,88.45,101.95,86.95,83.84,93.28,68.56,79.67,90.34
95,94.34,88.56,101.9,87.06,83.84,91.51,68.62,79.78,90.23
95.25,94.28,88.73,102.45,87.12,83.9,90.23,68.62,79.73,90.62
95.5,94.28,88.9,102.78,87.4,84.06,89.73,68.67,80.01,91.12
95.75,94.28,89.06,102.51,87.34,84.17,89.01,68.78,80.12,91.9
96,94.28,89.28,101.73,87.45,84.4,88.78,68.84,80.23,92.9
96.25,94.17,89.4,101.01,87.56,84.51,89.45,68.84,80.12,93.73
96.5,94.23,89.62,100.34,87.73,84.67,89.67,68.9,80.34,94.51
96.75,94.23,89.78,99.62,87.78,84.84,90.01,69.34,80.4,93.51
97,94.23,89.95,99.01,87.9,84.9,90.06,69.9,80.4,92.62
97.25,94.23,90.17,98.34,88.17,85.12,90.23,70.4,80.62,92.17
97.5,94.17,90.23,97.73,88.06,85.06,90.17,70.4,80.73,92.17
97.75,94.17,90.56,97.06,88.17,85.06,89.84,70.62,80.73,92.34
98,94.12,90.78,96.95,88.34,85.23,89.95,70.51,80.73,92.78
98.25,94.06,91.01,97.67,88.4,85.34,90.51,70.62,80.67,93.23
98.5,94.17,91.23,99.51,88.45,85.4,91.17,70.28,80.67,93.84
98.75,94.12,91.45,101.28,88.51,85.45,92.01,70.17,80.56,94.45
99,94.01,91.45,103.01,88.56,85.45,93.01,70.12,80.62,95.23
99.25,94.01,91.51,104.23,88.62,85.51,93.12,70.06,80.56,95.06
99.5,93.95,91.67,105.78,88.73,85.62,92.45,70.01,80.67,94.34
99.75,93.95,91.9,106.06,88.78,85.62,91.4,70.01,80.73,93.45
100,93.9,91.9,105.01,88.95,85.62,90.67,70.06,80.9,92.95
100.25,93.84,91.95,104.34,89.06,85.67,90.01,70.06,80.84,92.73
100.5,93.84,92.06,103.73,89.12,85.73,89.67,70.06,80.9,92.9
100.75,93.78,92.12,102.73,89.28,85.84,89.28,70.12,80.95,93.23
101,93.78,92.12,101.67,89.28,85.95,89.12,70.06,81.01,93.84
101.25,93.73,92.23,101.51,89.51,86.06,88.95,70.12,81.06,94.45
101.5,93.67,92.4,101.56,89.51,86.06,88.73,70.12,81.23,95.34
101.75,93.62,92.51,101.73,89.67,86.17,88.73,70.17,81.17,96.01
102,93.67,92.84,101.95,89.73,86.17,88.51,70.17,81.23,96.28
102.25,93.62,93.01,101.78,89.84,86.12,88.45,70.23,81.23,95.67
102.5,93.62,93.34,102.12,89.9,86.23,88.34,70.28,81.23,94.9
102.75,93.62,93.51,102.84,90.06,86.12,88.28,70.34,81.28,94.23
103,93.51,93.67,102.51,90.06,86.12,88.28,70.4,81.34,93.73
103.25,93.45,93.78,102.4,90.23,86.12,88.28,70.62,81.34,93.51
103.5,93.56,94.06,104.06,90.23,86.06,88.17,70.56,81.34,93.17
103.75,93.51,94.12,106.28,90.23,86.01,88.23,70.62,81.4,93.01
104,93.51,94.23,107.56,90.4,85.95,88.17,70.73,81.45,92.95
104.25,93.51,94.28,108.17,90.51,85.95,88.23,70.78,81.56,92.9
104.5,93.51,94.4,107.67,90.56,85.95,88.17,70.84,81.56,93.06
104.75,93.45,94.45,107.51,90.62,85.84,88.12,70.78,81.56,93.23
105,93.4,94.62,106.62,90.78,85.9,88.01,70.9,81.73,93.73
105.25,93.4,94.67,105.73,90.9,85.84,88.01,70.9,81.73,94.34
105.5,93.4,94.84,104.78,90.95,85.84,88.06,71.01,81.78,95.23
105.75,93.4,94.84,104.17,91.01,85.78,87.95,71.01,81.9,95.78
106,93.4,94.9,103.34,91.12,85.78,88.01,71.12,81.95,96.34
106.25,93.34,94.95,102.51,91.17,85.73,88.12,71.17,82.06,97.06
106.5,93.4,94.95,101.95,91.34,85.84,88.12,71.23,82.12,96.9
106.75,93.4,95.01,101.45,91.34,85.78,88.06,71.17,82.06,96.17
107,93.34,94.95,100.62,91.45,85.73,88.12,71.4,82.17,95.62
107.25,93.4,94.95,100.23,91.45,85.78,88.01,71.45,82.28,95.23
107.5,93.34,94.95,99.9,91.62,85.78,88.12,71.56,82.34,95.23
107.75,93.4,94.95,99.45,91.51,85.73,87.95,71.62,82.34,95.45
108,93.4,94.95,99.01,91.62,85.78,88.06,71.78,82.34,95.95
108.25,93.4,94.9,98.67,91.56,85.78,88.12,71.9,82.45,96.34
108.5,93.4,94.95,98.17,91.62,85.84,88.12,71.95,82.51,97.23
108.75,93.34,94.84,98.01,91.67,85.9,88.12,72.01,82.56,98.17
109,93.34,94.9,97.67,91.67,85.9,88.06,72.12,82.62,97.67
109.25,93.4,94.9,97.23,91.67,85.95,88.12,72.12,82.62,96.95
109.5,93.4,94.84,97.12,91.67,85.95,88.12,72.17,82.78,96.67
109.75,93.4,94.9,96.78,91.67,85.95,88.12,72.23,83.01,96.78
110,93.4,94.9,96.56,91.62,85.95,88.12,72.28,82.95,96.9
110.25,93.4,94.84,96.23,91.62,85.95,88.17,72.23,83.01,97.23
110.5,93.34,94.78,96.17,91.62,85.95,88.12,72.28,83.12,97.78
110.75,93.45,94.9,96.17,91.62,85.95,88.17,72.34,83.06,98.01
111,93.4,94.84,95.95,91.62,86.01,88.17,72.34,83.12,98.06
111.25,93.4,94.84,95.78,91.56,86.01,88.28,72.34,83.17,97.4
111.5,93.56,94.84,95.67,91.62,86.01,88.23,72.34,83.23,96.73
111.75,93.56,94.84,95.34,91.56,86.01,88.23,72.45,83.34,96.4
112,93.56,94.9,95.01,91.56,86.12,88.28,72.45,83.34,95.78
112.25,93.56,94.9,94.73,91.51,86.01,88.28,72.4,83.4,95.23
112.5,93.62,94.84,94.51,91.45,86.06,88.28,72.51,83.45,94.84
112.75,93.62,94.84,94.28,91.51,86.06,88.34,72.62,83.51,94.4
113,93.73,94.9,94.28,91.51,86.12,88.34,72.67,83.56,94.12
113.25,93.73,94.9,94.12,91.4,86.12,88.4,72.73,83.56,93.9
113.5,93.78,94.84,93.84,91.4,86.17,88.34,72.78,83.67,93.62
113.75,93.9,94.78,93.84,91.51,86.17,88.51,72.78,83.73,93.51
114,93.84,94.84,93.73,91.4,86.06,88.45,72.84,83.73,93.23
114.25,93.95,94.84,93.73,91.45,86.28,88.56,72.9,83.73,93.17
114.5,93.95,94.84,93.67,91.34,86.28,88.56,72.9,83.78,93.01
114.75,94.01,94.84,93.62,91.45,86.28,88.67,73.01,83.84,92.9
115,94.06,94.9,93.73,91.34,86.28,88.62,73.23,83.84,92.9
115.25,94.06,94.84,93.73,91.34,86.28,88.62,73.17,84.01,92.78
115.5,94.12,94.84,93.62,91.34,86.4,88.78,73.12,84.01,92.56
115.75,94.23,94.9,93.84,91.34,86.45,88.9,73.23,84.12,92.51
116,94.17,94.9,93.9,91.28,86.4,88.95,73.23,84.17,92.56
116.25,94.28,94.9,93.67,91.34,86.45,89.01,73.34,84.17,92.45
116.5,94.34,94.9,93.67,91.28,86.51,89.06,73.4,84.23,92.4
116.75,94.28,94.9,93.73,91.28,86.45,89.12,73.45,84.34,92.4
117,94.34,94.9,93.67,91.28,86.51,89.23,73.4,84.4,92.28
117.25,94.4,94.9,93.67,91.34,86.62,89.28,73.51,84.51,92.28
117.5,94.56,94.95,93.78,91.28,86.67,89.45,73.51,84.56,92.17
117.75,94.56,95.01,93.95,91.28,86.62,89.51,73.56,84.51,92.12
118,94.62,95.06,94.06,91.34,86.67,89.67,73.56,84.56,92.12
118.25,94.62,94.95,93.95,91.34,86.62,89.73,73.67,84.67,92.12
118.5,94.73,95.01,93.9,91.4,86.73,89.84,73.62,84.73,92.06
118.75,94.84,95.01,94.01,91.34,86.78,90.06,73.73,84.73,92.06
119,94.78,94.95,94.06,91.4,86.78,90.17,73.73,84.73,91.95
119.25,94.95,95.01,94.51,91.34,86.84,90.23,73.78,84.78,91.9
119.5,94.9,95.01,94.62,91.4,86.95,90.4,73.78,84.78,91.9
119.75,94.95,95.06,94.45,91.4,86.95,90.4,73.78,84.9,91.9
120,95.01,94.95,94.56,91.45,86.95,90.51,73.9,84.9,91.84
120.25,95.06,95.01,94.56,91.45,87.01,90.51,73.95,84.9,91.78
120.5,95.17,94.95,95.28,91.51,87.12,90.78,74.23,85.06,91.9
120.75,95.23,95.01,95.56,91.34,87.12,90.95,74.28,85.12,91.78
121,95.28,94.95,95.34,91.51,87.23,91.06,74.34,85.17,91.84
121.25,95.28,94.9,95.12,91.51,87.28,91.12,74.4,85.28,91.95
121.5,95.28,94.95,95.62,91.56,87.45,91.62,74.4,85.34,91.84
121.75,95.4,94.9,95.78,91.45,87.45,91.62,74.45,85.45,91.9
122,95.4,94.84,95.84,91.56,87.51,91.9,74.51,85.45,91.9
122.25,95.56,94.84,96.17,91.67,87.62,91.95,74.56,85.51,91.9
122.5,95.56,94.9,96.06,91.67,87.67,92.12,74.56,85.56,91.9
122.75,95.62,94.84,96.28,91.67,87.84,92.23,74.67,85.62,91.84
123,95.67,94.84,96.17,91.73,87.78,92.23,74.73,85.67,91.84
123.25,95.62,94.84,96.4,91.78,88.01,92.34,74.78,85.78,91.84
123.5,95.73,94.78,96.78,91.84,88.01,92.45,74.73,85.78,91.84
123.75,95.84,94.73,97.01,91.84,88.06,92.56,74.84,85.78,91.84
124,95.9,94.73,97.17,91.84,88.23,92.62,74.95,85.9,91.84
124.25,95.84,94.67,97.51,91.95,88.34,92.62,75.12,86.01,91.84
124.5,95.95,94.78,97.67,91.95,88.34,92.62,75.12,86.06,91.84
124.75,96.06,94.78,98.12,92.06,88.4,92.62,75.12,86.06,91.73
125,96.06,94.67,98.56,92.12,88.56,92.78,75.12,86.01,91.78
125.25,96.12,94.67,98.95,92.17,88.62,92.84,75.17,86.06,91.78
125.5,96.17,94.62,98.78,92.17,88.62,92.9,75.23,86.06,91.9
125.75,96.28,94.67,98.73,92.23,88.78,92.95,75.28,86.12,91.84
126,96.28,94.73,99.56,92.28,88.84,93.01,75.45,86.17,91.84
126.25,96.4,94.73,100.01,92.4,88.9,93.06,75.51,86.28,91.84
126.5,96.45,94.67,100.34,92.4,89.01,93.17,75.56,86.34,91.9
126.75,96.51,94.67,100.28,92.51,89.01,93.17,75.62,86.45,91.95
127,96.56,94.73,100.17,92.62,89.12,93.28,75.73,86.45,91.95
127.25,96.62,94.62,100.23,92.67,89.12,93.4,75.62,86.45,91.9
127.5,96.67,94.67,100.62,92.84,89.28,93.45,75.67,86.62,91.95
127.75,96.73,94.67,100.78,92.84,89.28,93.45,75.78,86.67,92.12
128,96.73,94.62,100.78,92.95,89.28,93.51,75.78,86.73,92.06
128.25,96.84,94.56,100.73,93.01,89.4,93.62,75.67,86.73,92.06
128.5,96.84,94.51,101.06,93.06,89.45,93.56,75.78,86.73,92.06
128.75,96.95,94.62,101.01,93.23,89.62,93.78,75.9,86.84,92.17
129,96.95,94.56,101.06,93.34,89.67,93.95,75.95,86.84,92.28
129.25,97.01,94.62,101.34,93.45,89.67,94.01,76.01,87.01,92.28
129.5,97.06,94.51,101.4,93.45,89.62,94.12,76.01,86.95,92.4
129.75,97.06,94.51,101.45,93.56,89.78,94.12,76.17,87.01,92.51
130,97.12,94.56,101.56,93.67,89.84,94.12,76.12,87.12,92.56
130.25,97.23,94.51,101.56,93.73,89.84,94.28,76.23,87.17,92.62
130.5,97.34,94.56,101.73,93.78,89.95,94.28,76.17,87.12,92.78
130.75,97.4,94.51,101.95,93.9,90.01,94.4,76.17,87.17,92.84
131,97.45,94.56,102.23,93.95,90.06,94.51,76.34,87.17,92.84
131.25,97.51,94.51,102.17,94.01,90.12,94.62,76.34,87.34,92.95
131.5,97.51,94.51,102.06,94.06,90.12,94.62,76.4,87.4,93.01
131.75,97.56,94.51,102.17,94.17,90.17,94.67,76.4,87.34,93.12
132,97.62,94.51,102.45,94.28,90.28,94.73,76.45,87.45,93.28
132.25,97.67,94.51,102.23,94.34,90.28,94.67,76.51,87.51,93.28
132.5,97.67,94.51,102.4,94.45,90.34,94.67,76.56,87.51,93.51
132.75,97.67,94.56,102.67,94.62,90.51,94.84,76.62,87.51,93.56
133,97.84,94.67,102.95,94.62,90.51,94.95,76.67,87.56,93.73
133.25,97.9,94.56,103.12,94.67,90.51,95.01,76.73,87.62,93.84
133.5,97.95,94.56,103.12,94.73,90.56,95.06,76.78,87.67,94.34
133.75,98.01,94.51,103.06,94.84,90.67,95.17,76.84,87.73,94.73
134,98.06,94.56,102.84,94.9,90.73,95.17,77.01,87.78,95.01
134.25,98.12,94.56,102.78,95.06,90.78,95.23,77.01,87.84,95.34
134.5,98.12,94.51,102.73,95.12,90.9,95.34,77.06,87.9,95.28
134.75,98.23,94.56,102.95,95.17,90.9,95.4,77.12,87.95,95.23
135,98.23,94.56,102.95,95.28,90.9,95.51,77.17,88.01,95.12
135.25,98.23,94.56,103.06,95.34,91.01,95.56,77.23,88.12,95.06
135.5,98.34,94.56,103.12,95.4,91.12,95.62,77.28,88.12,95.12
135.75,98.45,94.67,103.06,95.51,91.12,95.67,77.45,88.17,95.06
136,98.56,94.67,103.06,95.56,91.12,95.73,77.4,88.23,95.01
136.25,98.62,94.73,103.23,95.62,91.23,95.84,77.51,88.28,95.12
136.5,98.56,94.73,103.28,95.73,91.23,95.9,77.51,88.34,95.01
136.75,98.67,94.73,103.28,95.84,91.34,95.9,77.56,88.34,95.06
137,98.73,94.73,103.4,95.84,91.34,96.01,77.56,88.45,95.06
137.25,98.73,94.78,103.4,95.9,91.51,96.06,77.67,88.45,95.06
137.5,98.9,94.84,103.62,96.01,91.51,96.12,77.67,88.56,95.12
137.75,98.9,94.84,104.01,96.01,91.56,96.12,77.67,88.56,95.28
138,98.95,94.84,104.51,96.06,91.56,96.17,77.78,88.67,95.34
138.25,99.06,94.84,104.45,96.23,91.67,96.23,77.9,88.78,95.4
138.5,99.01,94.95,104.51,96.28,91.78,96.23,78.01,88.78,95.4
138.75,99.12,94.9,104.28,96.4,91.78,96.28,78.01,88.84,95.51
139,99.12,95.01,104.78,96.51,91.9,96.45,78.12,88.9,95.45
139.25,99.23,95.01,104.62,96.62,92.06,96.62,78.17,89.01,95.51
139.5,99.28,95.01,104.67,96.62,91.95,96.56,78.17,89.06,95.56
139.75,99.4,95.12,104.73,96.67,92.06,96.62,78.28,89.06,95.62
140,99.4,95.12,104.84,96.78,92.17,96.73,78.34,89.12,95.67
140.25,99.4,95.17,104.9,96.73,92.17,96.73,78.4,89.17,95.67
140.5,99.45,95.23,105.01,96.9,92.17,96.73,78.4,89.23,95.67
140.75,99.51,95.23,105.17,97.01,92.28,96.78,78.56,89.28,95.78
141,99.67,95.28,105.17,97.01,92.4,96.84,78.62,89.4,95.73
141.25,99.67,95.4,105.28,97.17,92.34,96.84,78.56,89.34,95.9
141.5,99.67,95.4,105.23,97.23,92.45,97.01,78.67,89.45,95.95
141.75,99.9,95.51,105.23,97.28,92.45,97.01,78.67,89.45,95.95
142,99.9,95.51,105.34,97.34,92.56,97.06,78.78,89.62,96.01
142.25,99.84,95.56,105.51,97.4,92.62,97.17,78.78,89.62,96.01
142.5,100.06,95.62,105.45,97.51,92.62,97.12,78.95,89.67,96.12
142.75,100.01,95.67,105.45,97.62,92.73,97.28,78.95,89.78,96.17
143,100.06,95.73,105.67,97.67,92.78,97.4,79.01,89.84,96.23
143.25,100.12,95.73,105.56,97.67,92.78,97.45,79.06,89.84,96.17
143.5,100.28,95.78,105.51,97.78,92.9,97.51,79.12,89.95,96.34
143.75,100.23,95.84,106.34,97.9,92.95,97.56,79.17,90.06,96.4
144,100.34,95.9,106.56,97.9,93.01,97.62,79.12,90.01,96.45
144.25,100.45,96.01,106.45,98.01,93.01,97.67,79.12,90.01,96.51
144.5,100.45,96.01,106.12,98.06,93.12,97.67,79.23,90.01,96.51
144.75,100.51,96.06,106.01,98.12,93.17,97.78,79.28,90.23,96.62
145,100.56,96.17,106.4,98.23,93.17,97.84,79.4,90.17,96.62
145.25,100.51,96.12,106.51,98.34,93.23,97.9,79.4,90.23,96.73
145.5,100.62,96.17,106.67,98.4,93.34,97.95,79.45,90.34,96.73
145.75,100.62,96.23,106.78,98.45,93.34,98.06,79.45,90.4,96.84
146,100.78,96.28,106.67,98.45,93.45,98.17,79.51,90.45,96.84
146.25,100.78,96.34,106.56,98.56,93.45,98.17,79.51,90.45,96.9
146.5,100.95,96.45,106.56,98.62,93.56,98.17,79.62,90.51,96.95
146.75,100.95,96.56,106.45,98.67,93.56,98.23,79.67,90.56,97.01
147,101.06,96.56,106.62,98.78,93.67,98.28,79.67,90.56,97.01
147.25,101.01,96.67,107.01,98.78,93.67,98.4,79.73,90.67,97.12
147.5,101.12,96.73,106.9,98.84,93.78,98.45,79.78,90.73,97.17
147.75,101.17,96.73,106.73,98.95,93.84,98.51,79.9,90.78,97.23
148,101.17,96.84,106.84,99.06,93.9,98.62,79.9,90.84,97.28
148.25,101.23,96.9,106.56,99.12,93.95,98.73,79.95,90.9,97.34
148.5,101.28,97.01,106.45,99.06,93.95,98.67,80.01,90.9,97.34
148.75,101.34,97.01,106.51,99.17,94.06,98.73,80.12,91.06,97.45
149,101.34,97.06,106.95,99.28,94.12,98.9,80.17,91.12,97.56
149.25,101.51,97.12,107.17,99.4,94.23,99.01,80.12,91.12,97.4
149.5,101.56,97.17,107.4,99.45,94.34,99.06,80.23,91.23,97.56
149.75,101.62,97.28,107.34,99.51,94.34,99.12,80.28,91.34,97.67
150,101.62,97.28,107.17,99.62,94.34,99.23,80.4,91.4,97.67
150.25,101.67,97.45,107.12,99.67,94.4,99.23,80.4,91.4,97.67
150.5,101.67,97.45,106.78,99.73,94.51,99.45,80.45,91.51,97.67
150.75,101.78,97.56,106.78,99.73,94.51,99.45,80.62,91.51,97.67
151,101.78,97.56,106.78,99.73,94.67,99.56,80.62,91.62,97.84
151.25,101.9,97.67,106.67,99.9,94.73,99.56,80.67,91.67,97.84
151.5,101.78,97.62,106.73,99.9,94.78,99.56,80.73,91.73,97.9
151.75,101.95,97.67,106.78,100.01,94.84,99.62,80.73,91.78,97.9
152,101.95,97.84,106.67,100.06,94.84,99.67,80.84,91.9,98.12
152.25,101.95,97.9,106.95,100.06,94.95,99.78,80.78,92.01,98.12
152.5,101.95,97.9,107.06,100.01,95.06,99.9,80.95,92.01,98.12
152.75,102.01,98.01,107.28,100.23,95.06,99.95,80.9,92.01,98.17
153,102.01,98.01,107.67,100.23,95.06,100.01,81.01,92.12,98.17
153.25,102.12,98.06,107.95,100.23,95.12,100.01,81.06,92.23,98.28
153.5,102.12,98.17,107.73,100.28,95.23,100.06,81.17,92.23,98.34
153.75,102.17,98.23,107.45,100.4,95.28,100.23,81.17,92.34,98.28
154,102.17,98.34,107.67,100.51,95.4,100.4,81.28,92.45,98.4
154.25,102.17,98.28,107.56,100.56,95.51,100.4,81.34,92.56,98.45
154.5,102.17,98.4,107.56,100.62,95.56,100.4,81.4,92.51,98.45
154.75,102.23,98.4,107.62,100.73,95.62,100.45,81.45,92.62,98.45
155,102.23,98.45,108.12,100.73,95.62,100.51,81.56,92.67,98.56
155.25,102.28,98.62,108.17,100.78,95.67,100.51,81.56,92.73,98.51
155.5,102.34,98.73,108.12,100.9,95.73,100.51,81.56,92.84,98.56
155.75,102.4,98.73,107.9,100.9,95.78,100.56,81.67,92.84,98.62
156,102.4,98.78,107.78,100.95,95.78,100.62,81.78,92.9,98.67
156.25,102.45,98.9,107.9,101.06,95.9,100.78,81.78,92.95,98.67
156.5,102.4,98.95,107.84,101.12,96.01,100.84,81.84,92.95,98.78
156.75,102.51,98.95,108.17,101.17,96.01,100.84,81.84,93.01,98.78
157,102.51,99.01,108.51,101.17,96.01,100.95,81.9,93.06,98.9
157.25,102.51,99.06,108.62,101.23,96.12,100.95,81.95,93.12,98.95
157.5,102.45,99.12,108.51,101.23,96.17,100.9,82.06,93.17,99.01
157.75,102.51,99.17,108.73,101.34,96.28,100.95,82.12,93.23,99.12
158,102.51,99.28,109.17,101.4,96.23,100.95,82.12,93.4,99.12
158.25,102.51,99.28,109.28,101.51,96.4,101.12,82.28,93.45,99.28
158.5,102.51,99.4,109.34,101.56,96.51,101.01,82.34,93.45,99.28
158.75,102.51,99.45,109.34,101.62,96.56,101.06,82.28,93.56,99.34
159,102.51,99.45,109.17,101.73,96.62,101.01,82.4,93.56,99.4
159.25,102.45,99.51,109.34,101.78,96.67,101.17,82.45,93.62,99.45
159.5,102.56,99.56,109.4,101.84,96.78,101.17,82.62,93.73,99.56
159.75,102.62,99.67,109.56,101.9,96.78,101.01,82.62,93.84,99.56
160,102.56,99.67,109.34,101.95,96.78,100.95,82.62,93.9,99.67
160.25,102.67,99.84,109.51,102.06,96.84,101.01,82.67,93.84,99.73
160.5,102.62,99.84,109.45,102.06,96.9,100.84,82.67,93.95,99.73
160.75,102.67,99.84,109.4,102.17,97.01,100.9,82.84,94.01,99.9
161,102.62,99.84,109.51,102.12,96.95,100.84,82.84,94.06,99.9
161.25,102.67,100.01,109.67,102.28,96.95,100.84,82.9,94.12,100.01
161.5,102.67,100.01,109.78,102.34,96.95,100.9,82.9,94.12,99.95
161.75,102.73,100.06,109.84,102.34,97.01,100.84,83.01,94.28,100.12
162,102.62,100.17,109.73,102.4,97.01,100.9,83.06,94.17,100.12
162.25,102.67,100.17,109.73,102.56,97.12,100.9,83.23,94.4,100.34
162.5,102.67,100.28,110.45,102.67,97.23,100.9,83.28,94.45,100.45
162.75,102.67,100.23,110.62,102.62,97.23,100.9,83.34,94.56,100.51
163,102.78,100.34,110.56,102.73,97.28,101.01,83.4,94.56,100.56
163.25,102.78,100.45,110.4,102.9,97.34,101.01,83.45,94.67,100.62
163.5,102.73,100.45,110.17,102.84,97.34,100.95,83.4,94.73,100.62
163.75,102.84,100.45,109.9,102.95,97.4,101.01,83.56,94.73,100.78
164,102.78,100.51,109.78,102.95,97.34,101.01,83.56,94.84,100.73
164.25,102.78,100.56,109.56,103.06,97.4,101.06,83.67,94.9,100.84
164.5,102.95,100.67,109.4,103.06,97.4,101.01,83.73,94.95,100.9
164.75,102.9,100.73,109.34,103.12,97.45,101.01,83.73,95.06,101.01
165,103.06,100.78,109.28,103.23,97.45,101.17,83.78,95.06,101.12
165.25,103.01,100.78,109.12,103.17,97.4,101.01,83.78,95.06,101.12
165.5,103.01,100.84,109.12,103.28,97.51,101.01,83.9,95.06,101.23
165.75,103.12,100.95,109.23,103.4,97.56,101.06,83.95,95.28,101.34
166,103.06,100.95,108.95,103.34,97.56,101.12,84.06,95.4,101.4
166.25,103.06,101.06,109.06,103.34,97.62,101.06,84.12,95.45,101.4
166.5,103.12,101.06,109.17,103.45,97.62,101.12,84.17,95.51,101.51
166.75,103.12,101.12,109.17,103.45,97.62,101.06,84.28,95.56,101.56
167,103.12,101.23,109.06,103.56,97.67,101.17,84.28,95.67,101.51
167.25,103.28,101.23,108.95,103.62,97.67,101.12,84.28,95.67,101.67
167.5,103.28,101.34,108.84,103.62,97.73,101.23,84.4,95.78,101.73
167.75,103.34,101.51,108.78,103.67,97.67,101.28,84.4,95.78,101.9
168,103.51,101.45,108.4,103.67,97.84,101.28,84.56,95.84,101.9
168.25,103.51,101.56,108.23,103.73,97.78,101.34,84.56,95.95,102.01
168.5,103.45,101.56,108.06,103.78,97.84,101.34,84.56,96.01,102.01
168.75,103.45,101.62,107.95,103.78,97.84,101.4,84.62,96.17,101.95
169,134.4,101.67,107.84,103.84,97.84,101.34,84.78,96.23,102.06
169.25,187.95,101.78,107.84,103.78,97.9,101.34,84.84,96.28,102.06
169.5,200.45,101.78,107.84,103.78,98.01,101.45,84.84,96.34,102.12
169.75,205.28,101.84,107.62,103.9,98.01,101.56,84.95,96.51,102.17
170,208.56,101.9,107.62,104.01,98.12,101.62,85.06,96.51,102.12
170.25,211.06,102.01,107.73,103.95,98.17,101.62,85.06,96.51,102.28
170.5,212.78,102.01,107.62,103.95,98.17,101.73,85.28,96.67,102.28
170.75,213.12,102.06,107.56,103.95,98.12,101.73,85.23,96.73,102.28
171,214.73,102.12,107.62,103.95,98.17,101.78,85.4,96.67,102.28
171.25,215.28,102.12,107.51,104.01,98.28,101.9,85.45,96.78,102.34
171.5,214.17,102.23,107.51,104.01,98.28,101.9,85.51,96.84,102.45
171.75,214.56,102.28,107.34,104.06,98.28,101.95,85.56,96.84,102.34
172,215.01,102.17,107.12,103.95,98.34,102.12,85.62,96.9,102.28
172.25,216.78,102.34,107.23,104.01,98.4,102.12,85.73,96.9,102.23
172.5,215.17,102.4,107.28,104.06,98.4,102.23,85.78,97.01,102.28
172.75,205.9,102.45,107.34,104.01,98.45,102.28,85.78,97.12,102.23
173,197.28,102.56,107.4,104.06,98.45,102.17,85.9,97.06,102.28
173.25,185.01,102.51,107.4,104.06,98.56,102.28,85.95,97.17,102.28
173.5,177.73,102.67,107.45,104.12,98.56,102.28,85.95,97.23,102.23
173.75,172.78,102.73,107.4,104.01,98.56,102.34,86.01,97.34,102.23
174,169.28,102.78,107.45,104.17,98.62,102.28,86.28,97.4,102.28
174.25,166.45,102.78,107.51,104.17,98.78,102.45,86.4,97.51,102.28
174.5,164.28,102.84,107.51,104.17,98.9,102.51,86.56,97.51,102.4
174.75,162.34,102.9,107.51,104.28,98.95,102.62,86.51,97.56,102.34
175,160.78,103.01,107.51,104.17,98.9,102.56,86.56,97.51,102.4
175.25,159.45,102.9,107.56,104.23,99.01,102.67,86.62,97.67,102.34
175.5,158.45,103.01,107.67,104.28,99.06,102.84,86.84,97.78,102.34
175.75,157.51,103.12,107.84,104.28,99.12,102.84,86.78,97.67,102.4
176,156.62,103.12,107.9,104.28,99.12,174.73,86.9,97.84,102.45
176.25,155.84,103.23,108.01,104.28,99.17,191.62,86.9,97.84,102.45
176.5,155.12,103.23,108.12,104.34,99.17,218.45,87.01,97.9,102.51
176.75,154.51,103.28,108.56,104.34,99.23,229.67,86.9,97.95,102.4
177,153.95,103.28,109.06,104.34,99.28,228.01,87.01,98.06,102.51
177.25,153.51,103.34,109.45,104.34,99.28,232.23,86.9,98.01,102.45
177.5,183.51,103.34,109.67,104.34,99.45,232.12,87.06,98.23,102.67
177.75,207.23,103.4,109.78,104.51,99.45,239.78,87.06,98.23,102.67
178,212.73,103.4,109.9,104.45,99.51,237.34,87.12,98.23,102.56
178.25,214.84,103.4,110.12,104.51,99.67,242.84,87.12,98.34,102.67
178.5,215.84,103.45,110.12,104.56,99.78,235.56,87.06,98.4,102.67
178.75,216.34,103.56,110.17,104.62,102.51,244.51,87.12,98.45,102.73
179,216.78,103.67,110.01,104.73,114.73,239.51,87.23,98.51,102.73
179.25,217.17,103.67,109.73,104.73,124.9,241.51,87.23,98.56,102.84
179.5,217.4,103.67,109.28,104.73,134.28,243.23,87.12,98.62,102.84
179.75,217.51,103.62,109.01,104.73,141.28,238.56,87.28,98.73,102.84
180,217.9,103.73,109.17,104.84,147.28,227.51,87.28,98.78,102.9
180.25,218.84,103.78,109.34,104.95,152.45,218.67,87.28,98.78,102.95
180.5,220.34,103.78,109.4,104.9,156.45,210.28,87.4,98.95,103.01
180.75,221.23,103.84,109.9,104.95,159.62,193.17,87.34,98.95,103.06
181,221.9,103.78,110.12,104.95,162.17,179.23,87.45,99.01,103.06
181.25,222.01,103.84,109.95,104.9,164.45,170.45,87.51,99.12,103.17
181.5,221.56,103.84,110.34,105.06,166.62,165.51,87.56,99.12,103.23
181.75,220.17,103.9,110.67,105.01,168.45,162.06,87.62,99.17,103.23
182,213.12,103.84,111.62,105.12,170.12,159.73,87.67,99.28,103.28
182.25,211.45,103.9,238.17,105.4,171.62,157.73,87.67,99.4,103.34
182.5,210.78,103.95,253.4,107.23,172.56,156.01,87.78,99.51,103.4
182.75,210.4,103.95,253.78,110.62,171.06,154.67,87.78,99.51,103.51
183,204.78,103.95,255.12,114.62,167.01,153.45,87.84,99.51,103.56
183.25,197.95,103.95,253.9,118.9,162.17,152.45,87.84,99.73,103.62
183.5,193.78,104.01,254.23,123.06,158.06,151.56,87.95,99.78,103.62
183.75,190.95,104.01,253.73,127.23,154.67,150.56,87.95,99.84,103.78
184,188.95,104.12,252.95,131.06,151.78,149.84,88.06,99.9,103.78
184.25,187.12,104.06,254.06,134.84,149.12,149.23,88.06,99.9,103.84
184.5,185.84,104.12,254.56,138.34,147.06,154.23,88.12,100.12,103.95
184.75,184.62,104.12,254.56,141.73,144.95,204.45,88.12,100.17,103.9
185,183.56,104.12,254.56,144.95,143.28,209.06,88.23,100.17,103.9
185.25,182.56,104.17,254.4,148.01,141.78,215.73,88.4,100.4,104.06
185.5,181.67,104.17,254.12,150.84,140.34,220.45,88.4,100.45,104.06
185.75,180.78,104.17,253.73,153.51,139.17,223.84,88.45,100.56,104.17
186,180.06,104.17,253.95,156.12,138.06,223.78,88.51,100.67,104.17
186.25,179.23,104.17,253.06,158.45,137.01,222.84,88.56,100.73,104.28
186.5,178.56,104.17,249.4,160.17,136.12,222.78,88.51,100.78,104.34
186.75,178.01,104.28,244.23,161.45,135.4,222.4,88.67,100.9,104.45
187,177.51,104.28,239.95,162.56,134.62,222.67,88.73,101.01,104.51
187.25,176.95,104.34,236.23,163.23,136.23,223.73,88.78,101.01,104.56
187.5,176.4,104.34,232.62,163.56,144.51,222.67,88.84,101.17,104.62
187.75,175.95,104.34,229.17,163.51,151.84,224.23,88.9,101.23,104.73
188,175.45,104.34,225.78,163.17,157.06,223.12,89.01,101.34,105.73
188.25,175.06,104.4,222.51,162.56,160.9,223.01,89.01,101.4,206.84
188.5,174.56,104.34,219.4,161.78,164.06,222.9,89.17,101.56,215.12
188.75,174.28,104.4,216.78,161.06,166.78,221.01,89.34,101.67,215.23
189,173.84,104.45,213.73,160.06,169.06,219.84,89.34,101.73,217.45
189.25,173.4,104.45,210.56,159.12,170.67,218.73,89.56,101.9,218.34
189.5,173.06,104.45,207.4,158.06,171.62,221.51,89.45,101.9,218.12
189.75,172.73,104.45,204.06,157.01,172.28,220.34,89.67,102.12,221.01
190,172.28,104.51,201.06,156.01,172.95,215.78,89.73,102.23,219.01
190.25,171.9,104.62,198.9,155.01,173.62,218.51,89.84,102.28,221.73
190.5,171.51,104.84,240.95,154.06,174.23,203.56,89.84,102.51,224.17
190.75,171.17,105.17,247.73,153.12,174.78,195.9,89.95,102.51,226.45
191,170.78,105.62,249.62,152.45,175.01,185.45,90.01,102.62,227.06
191.25,170.34,106.28,249.51,151.9,175.56,179.9,90.01,102.67,226.12
191.5,170.06,107.01,251.84,151.45,175.9,176.78,90.06,102.84,220.23
191.75,169.67,107.9,251.4,151.56,175.95,174.67,90.23,102.95,197.56
192,169.4,108.78,251.17,152.17,175.78,173.01,90.34,103.06,192.45
192.25,168.95,109.67,251.4,153.12,174.95,171.73,90.56,103.23,190.45
192.5,168.73,110.67,252.23,154.17,172.73,170.56,90.56,103.34,183.73
192.75,168.34,111.84,249.67,155.17,169.45,169.45,90.67,103.45,176.23
193,167.95,112.9,248.56,156.34,166.4,168.51,90.78,103.62,170.4
193.25,167.62,114.06,249.23,157.4,163.9,167.67,90.78,103.73,165.51
193.5,167.28,115.17,248.67,158.51,161.73,166.84,90.95,103.84,161.34
193.75,166.95,116.4,249.28,159.51,159.84,166.06,91.01,103.95,157.78
194,166.67,117.51,249.12,160.62,158.17,165.51,91.12,104.06,154.67
194.25,166.4,118.56,248.78,161.56,156.67,164.84,91.23,104.23,151.95
194.5,166.01,119.62,249.51,162.51,155.34,164.23,91.23,104.34,149.56
194.75,165.78,120.56,251.01,163.4,154.17,163.56,91.4,104.45,147.28
195,165.4,121.62,250.73,164.23,153.17,162.95,91.45,104.51,145.4
195.25,165.06,122.51,250.12,164.9,152.28,162.34,91.67,104.78,143.78
195.5,164.62,123.17,250.34,165.51,151.34,161.84,91.67,104.84,142.28
195.75,164.4,124.01,248.67,166.12,150.56,161.28,91.9,105.01,140.9
196,164.06,124.78,246.06,166.51,149.78,160.78,91.95,105.06,139.73
196.25,163.78,125.34,241.62,166.84,149.06,160.23,92.06,105.23,138.73
196.5,163.51,126.01,237.51,167.01,148.51,159.67,92.12,105.28,172.73
196.75,163.23,126.45,233.73,167.06,147.84,159.17,92.23,105.4,206.17
197,162.9,126.95,230.17,167.01,147.34,158.73,92.23,105.51,213.12
197.25,162.56,127.4,226.51,166.95,146.78,158.23,92.34,105.62,215.28
197.5,162.28,127.73,222.73,166.67,146.34,157.78,92.45,105.73,216.51
197.75,162.06,128.06,219.06,166.34,145.95,157.28,92.51,105.9,217.17
198,161.73,128.4,215.56,165.84,145.56,156.84,92.62,106.06,218.73
198.25,161.45,128.73,212.28,165.34,145.17,156.45,92.73,106.23,219.73
198.5,161.12,129.01,209.51,164.95,144.73,155.95,92.9,106.45,219.9
198.75,160.9,129.28,206.23,164.23,144.45,155.56,93.01,106.56,219.9
199,160.56,129.51,203.34,163.78,144.12,155.17,93.12,106.73,220.45
199.25,160.28,129.73,200.62,163.23,143.84,154.84,93.17,106.78,220.12
199.5,159.95,130.12,199.12,162.67,143.51,154.45,93.28,106.9,219.73
199.75,159.73,130.45,196.56,162.23,143.28,154.12,93.45,107.01,219.95
200,159.51,130.84,194.12,161.73,142.95,153.78,93.56,107.12,220.28
200.25,159.28,131.34,191.78,161.06,142.73,153.45,93.56,107.4,219.67
200.5,159.01,131.84,189.62,160.56,142.45,153.17,93.73,107.51,219.84
200.75,158.73,132.28,187.62,160.12,142.17,152.9,93.84,107.56,220.12
201,158.4,132.84,185.73,159.62,141.9,152.62,93.84,107.73,216.28
201.25,158.17,133.4,183.95,159.12,141.73,152.34,94.01,107.78,214.67
201.5,157.95,133.95,182.17,158.67,141.51,152.01,94.12,108.12,202.23
201.75,157.62,134.56,180.4,158.23,141.23,151.73,94.12,108.06,195.67
202,157.4,135.23,179.01,157.9,141.06,151.56,94.28,108.28,194.4
202.25,157.17,135.9,177.56,157.56,140.9,151.28,94.4,108.4,192.84
202.5,156.9,136.51,176.23,157.12,140.73,151.06,94.51,108.62,188.73
202.75,156.67,137.17,174.84,156.73,140.62,150.78,94.51,108.73,183.12
203,156.45,137.84,173.56,156.45,140.51,150.62,94.67,108.9,179.01
203.25,156.23,138.4,172.23,156.06,140.28,150.45,94.73,109.01,175.56
203.5,156.01,139.12,171.06,155.84,140.06,150.17,94.84,109.12,172.62
203.75,155.78,139.56,169.73,155.51,139.95,149.84,94.9,109.28,170.01
204,155.51,140.23,168.62,155.12,139.84,149.73,95.12,109.4,167.78
204.25,155.28,140.73,167.56,154.84,139.78,149.45,95.23,109.56,165.73
204.5,154.95,141.28,166.51,154.56,139.56,149.23,95.23,109.67,163.84
204.75,154.84,141.84,165.51,154.28,139.45,149.12,95.34,109.9,162.23
205,154.62,142.4,164.67,154.06,139.28,148.95,95.56,110.01,160.9
205.25,154.34,142.84,163.62,153.78,139.23,148.73,95.62,110.17,159.67
205.5,154.17,143.4,162.73,153.62,139.12,148.56,95.62,110.34,158.51
205.75,153.78,143.84,162.01,153.45,139.01,148.45,95.78,110.45,157.51
206,153.78,144.28,161.28,153.23,138.95,148.4,95.78,110.56,156.45
206.25,153.51,144.62,160.51,153.01,138.78,148.12,95.9,110.67,155.67
206.5,153.23,144.95,159.84,152.78,138.73,147.95,96.01,110.78,154.95
206.75,153.12,145.34,159.23,152.56,138.62,147.84,96.06,110.95,154.34
207,152.84,145.78,158.62,152.4,138.56,147.73,96.17,111.12,153.73
207.25,152.67,146.01,158.01,152.17,138.45,147.67,96.23,111.28,153.06
207.5,152.45,146.28,157.4,152.01,138.4,147.56,96.45,111.4,152.56
207.75,152.34,146.62,156.9,151.78,138.28,147.4,96.4,111.56,152.06
208,152.01,146.78,156.4,151.62,138.23,147.23,96.56,111.73,151.67
208.25,151.9,147.12,155.84,151.51,138.17,147.23,96.67,111.9,151.17
208.5,151.73,147.28,155.45,151.4,138.12,147.01,96.84,112.01,150.78
208.75,151.51,147.45,154.9,151.23,138.01,146.84,96.84,112.06,150.45
209,151.34,147.73,154.56,151.12,137.95,146.9,96.9,112.17,150.12
209.25,151.12,147.9,153.95,150.95,137.84,146.78,97.01,112.28,149.84
209.5,150.95,148.06,153.12,150.78,137.9,146.67,97.17,112.56,149.67
209.75,150.78,148.28,152.56,150.73,137.78,146.62,97.28,112.67,149.34
210,150.56,148.45,152.01,150.56,137.62,146.51,97.45,112.84,149.06
210.25,150.34,148.51,151.56,150.34,137.56,146.28,97.51,112.95,148.84
210.5,150.23,148.62,151.17,150.23,137.51,146.28,97.62,113.06,148.62
210.75,150.06,148.73,150.84,150.17,137.56,146.23,97.67,113.17,148.45
211,149.95,148.84,150.45,150.01,137.51,146.06,97.84,113.34,148.28
211.25,149.67,149.01,150.17,149.9,137.4,146.01,97.9,113.51,148.06
211.5,149.56,149.06,149.9,149.78,137.34,145.9,98.12,113.67,148.01
211.75,149.28,149.06,149.67,149.67,137.34,145.95,98.17,113.78,147.78
212,149.17,149.17,149.4,149.62,137.34,145.84,98.17,113.84,147.73
212.25,149.06,149.23,149.17,149.51,137.28,145.73,98.34,114.01,147.56
212.5,148.95,149.34,149.06,149.4,137.12,145.67,98.45,114.17,147.45
212.75,148.73,149.28,148.95,149.28,137.17,145.56,98.51,114.23,147.4
213,148.62,149.45,148.73,149.17,137.17,145.56,98.67,114.4,147.23
213.25,148.4,149.34,148.56,149.06,137.12,145.45,98.78,114.51,147.23
213.5,148.28,149.45,148.4,149.01,137.06,145.4,98.9,114.62,147.06
213.75,148.06,149.45,148.34,148.84,137.06,145.34,98.9,114.78,147.01
214,147.95,149.45,148.17,148.78,137.01,145.28,99.06,114.95,147.01
214.25,147.78,149.45,148.06,148.67,136.95,145.17,99.17,115.06,146.84
214.5,147.62,149.56,147.95,148.73,136.95,145.17,99.23,115.17,146.84
214.75,147.45,149.45,147.84,148.4,136.9,145.06,99.34,115.4,146.84
215,147.28,149.4,147.67,148.4,136.9,144.95,99.51,115.4,146.78
215.25,147.12,149.45,147.62,148.4,136.9,144.95,99.62,115.56,146.62
215.5,146.95,149.4,147.56,148.28,136.84,144.9,99.67,115.73,146.56
215.75,146.9,149.51,147.45,148.28,136.84,144.78,99.84,115.84,146.51
216,146.67,149.28,147.28,148.17,136.78,144.78,99.9,116.01,146.4
216.25,146.62,149.34,147.28,147.95,136.67,144.67,99.9,116.06,146.4
216.5,146.4,149.34,147.17,147.95,136.67,144.62,100.06,116.17,146.28
216.75,146.34,149.23,147.17,147.9,136.67,144.62,100.17,116.28,146.28
217,146.17,149.17,147.06,147.84,136.51,144.56,100.23,116.45,146.28
217.25,146.06,149.12,146.95,147.73,136.56,144.51,100.28,116.51,146.17
217.5,145.84,149.01,146.9,147.67,136.51,144.4,100.45,116.67,146.12
217.75,145.78,149.06,146.84,147.62,136.51,144.34,100.45,116.84,146.12
218,145.56,148.9,146.67,147.45,136.4,144.23,100.62,116.9,146.06
218.25,145.45,148.84,146.67,147.51,136.45,144.28,100.73,116.95,146.06
218.5,145.4,148.73,146.62,147.51,136.4,144.34,100.84,117.17,146.12
218.75,145.17,148.56,146.51,147.28,136.4,144.17,100.95,117.23,146.06
219,145.12,148.56,146.45,147.23,136.4,144.12,101.06,117.45,146.06
219.25,144.95,148.45,146.34,147.28,136.34,144.06,101.17,117.51,145.95
219.5,144.95,148.34,146.34,147.17,136.28,144.06,101.23,117.62,145.95
219.75,144.73,148.4,146.28,147.06,136.28,143.95,101.34,117.78,145.9
220,144.67,148.23,146.28,147.06,136.23,143.9,101.45,117.84,145.84
220.25,144.56,148.12,146.12,146.95,136.23,143.84,101.56,118.06,145.84
220.5,144.45,148.06,146.17,146.84,136.23,143.84,101.56,118.17,145.84
220.75,144.28,147.95,146.01,146.78,136.23,143.84,101.67,118.23,145.84
221,144.28,147.84,146.01,146.78,136.23,143.78,101.84,118.45,145.9
221.25,144.06,147.73,145.84,146.78,136.23,143.78,101.9,118.45,145.84
221.5,144.17,147.73,145.95,146.84,136.23,143.73,101.73,118.67,145.73
221.75,143.9,147.56,145.84,146.67,136.23,143.62,101.73,118.67,145.73
222,143.78,147.45,145.67,146.62,136.17,143.51,101.73,118.9,145.67
222.25,143.67,147.4,145.78,146.51,136.06,143.56,101.84,118.9,145.62
222.5,143.56,147.17,145.67,146.51,136.06,143.51,101.95,119.12,145.56
222.75,143.51,147.06,145.62,146.45,136.01,143.45,102.01,119.06,145.62
223,143.4,146.9,145.51,146.4,136.01,143.4,102.06,119.23,145.45
223.25,143.23,146.78,145.45,146.34,135.95,143.34,102.12,119.34,145.51
223.5,143.01,146.67,145.4,146.23,135.95,143.34,102.28,119.34,145.34
223.75,142.95,146.56,145.34,146.17,135.78,143.23,102.28,119.51,145.28
224,142.84,146.45,145.34,146.17,135.9,143.28,102.51,119.62,145.28
224.25,142.73,146.4,145.17,146.17,135.84,143.17,102.56,119.73,145.34
224.5,142.62,146.23,145.17,146.06,135.9,143.17,102.67,119.67,145.17
224.75,142.4,146.06,145.06,146.01,135.9,143.01,102.84,119.95,145.12
225,142.17,146.06,145.12,145.9,135.84,142.95,102.9,119.95,145.06
225.25,142.01,146.01,145.12,145.84,135.78,143.06,103.06,120.12,145.01
225.5,141.84,145.84,145.06,145.78,135.73,142.9,103.23,120.06,144.9
225.75,141.78,145.73,144.9,145.73,135.73,142.95,103.28,120.12,144.78
226,141.62,145.62,144.84,145.67,135.67,142.84,103.4,120.28,144.78
226.25,141.51,145.51,144.84,145.62,135.67,142.78,103.51,120.56,144.73
226.5,141.4,145.4,144.78,145.56,135.67,142.73,103.56,120.67,144.62
226.75,141.23,145.28,144.73,145.51,135.62,142.73,103.67,120.78,144.62
227,141.23,145.06,144.56,145.45,135.62,142.78,103.78,120.95,144.73
227.25,141.12,144.9,144.45,145.34,135.56,142.56,103.9,121.12,144.67
227.5,141.06,144.73,144.45,145.34,135.51,142.67,104.06,121.12,144.56
227.75,141.01,144.51,144.51,145.28,135.51,142.62,104.06,121.23,144.51
228,140.84,144.23,144.45,145.23,135.51,142.56,104.17,121.34,144.51
228.25,140.78,144.12,144.28,145.17,135.62,142.56,104.34,121.4,144.4
228.5,140.73,143.84,144.34,145.06,135.51,142.51,104.4,121.62,144.28
228.75,140.56,143.78,144.28,144.95,135.56,142.51,104.51,121.67,144.23
229,140.51,143.67,144.17,144.95,135.56,142.45,104.62,121.73,144.23
229.25,140.45,143.45,144.12,144.9,135.51,142.34,104.73,121.9,144.12
229.5,140.34,143.34,144.06,144.95,135.45,142.28,104.67,121.95,144.06
229.75,140.23,143.17,143.95,144.84,135.51,142.28,104.73,122.06,143.95
230,140.23,143.01,144.01,144.78,135.4,142.23,104.73,122.06,143.84
230.25,140.06,142.78,143.84,144.78,135.45,142.28,104.84,122.23,143.73
230.5,140.01,142.62,143.73,144.73,135.45,142.17,104.9,122.34,143.62
230.75,140.12,142.56,143.73,144.67,135.4,142.17,105.01,122.34,143.51
231,139.84,142.34,143.62,144.67,135.34,142.06,105.06,122.34,143.45
231.25,139.78,142.23,143.51,144.67,135.4,142.06,105.12,122.45,143.45
231.5,139.67,142.12,143.45,144.51,135.4,142.01,105.17,122.56,143.28
231.75,139.67,142.06,143.28,144.51,135.23,142.01,105.28,122.56,143.28
232,139.56,142.06,143.28,144.45,135.23,141.95,105.34,122.67,143.23
232.25,139.51,142.06,143.17,144.45,135.23,141.9,105.51,122.73,143.28
232.5,139.23,141.9,143.17,144.45,135.23,141.84,105.62,122.78,143.12
232.75,139.17,141.95,143.12,144.4,135.23,141.9,105.73,122.9,143.17
233,138.95,141.95,143.01,144.34,135.23,141.84,105.84,122.95,143.01
233.25,138.78,142.01,142.9,144.28,135.23,141.84,106.01,123.12,143.12
233.5,138.51,141.95,142.67,144.23,135.12,141.73,105.95,123.12,142.95
233.75,138.45,142.06,142.78,144.23,135.12,141.62,106.06,123.28,142.95
234,138.45,141.95,142.67,144.12,135.06,141.62,106.17,123.45,142.95
234.25,138.34,142.01,142.62,144.17,135.01,141.56,106.17,123.51,142.9
234.5,138.23,141.9,142.51,144.12,135.01,141.56,106.23,123.56,142.95
234.75,138.06,141.84,142.51,144.06,134.95,141.45,106.23,123.73,142.9
235,138.06,141.73,142.45,144.01,135.01,141.45,106.34,123.78,142.84
235.25,138.01,141.62,142.45,144.01,134.84,141.34,106.4,123.84,142.78
235.5,137.84,141.62,142.28,143.95,134.78,141.34,106.45,123.95,142.73
235.75,137.84,141.56,142.12,143.84,134.84,141.23,106.56,124.17,142.78
236,137.84,141.51,142.17,143.84,134.67,141.23,106.73,124.17,142.73
236.25,137.78,141.34,142.06,143.84,134.73,141.12,106.95,124.23,142.78
236.5,137.73,141.34,142.01,143.84,134.73,141.23,106.95,124.17,142.73
236.75,137.73,141.23,141.84,143.78,134.78,141.12,107.12,124.4,142.73
237,137.67,141.17,141.78,143.73,134.78,141.12,107.28,124.4,142.73
237.25,137.62,141.06,141.62,143.67,134.78,141.01,107.28,124.45,142.67
237.5,137.56,141.01,141.56,143.73,134.73,141.01,107.34,124.45,142.62
237.75,137.51,140.9,141.56,143.62,134.67,140.95,107.28,124.51,142.51
238,137.45,140.67,141.62,143.62,134.67,140.9,107.34,124.56,142.4
238.25,137.34,140.56,141.4,143.56,134.62,140.84,107.34,124.62,142.45
238.5,137.4,140.4,141.23,143.56,134.62,140.84,107.4,124.73,142.28
238.75,137.34,140.28,141.28,143.45,134.62,140.78,107.4,124.78,142.23
239,137.23,140.23,141.34,143.51,134.62,140.78,107.62,124.9,142.23
239.25,137.12,140.23,141.34,143.56,134.56,140.73,107.62,124.84,142.12
239.5,137.06,140.17,141.34,143.4,134.62,140.67,107.78,124.9,142.17
239.75,137.06,140.17,141.28,143.4,134.62,140.67,107.9,124.95,142.06
240,137.06,140.06,141.23,143.34,134.62,140.62,107.84,124.95,142.06
240.25,136.95,140.01,141.12,143.34,134.51,140.56,108.01,125.06,142.01
240.5,136.9,140.01,141.12,143.28,134.51,140.62,108.12,125.17,141.95
240.75,136.9,140.01,141.01,143.17,134.51,140.45,108.17,125.17,141.95
241,136.84,140.01,140.9,143.23,134.51,140.45,108.34,125.23,141.9
241.25,136.78,139.9,140.9,143.06,134.51,140.45,108.4,125.28,141.84
241.5,136.67,139.95,140.9,143.06,134.45,140.34,108.62,125.4,141.9
241.75,136.62,139.95,140.84,143.06,134.4,140.28,108.62,125.4,141.84
242,136.56,139.95,140.45,143.12,134.45,140.28,108.73,125.62,141.84
242.25,136.56,139.95,140.4,143.01,134.4,140.34,108.73,125.62,141.84
242.5,136.56,139.78,140.23,142.9,134.34,140.23,108.73,125.62,141.73
242.75,136.45,139.78,140.23,142.9,134.28,140.17,108.95,125.62,141.67
243,136.45,139.73,140.28,142.9,134.23,140.17,108.84,125.62,141.78
243.25,136.34,139.56,140.23,142.84,134.23,140.12,108.9,125.62,141.73
243.5,136.34,139.45,139.95,142.73,134.17,140.01,108.95,125.78,141.62
243.75,136.28,139.28,139.78,142.73,134.12,140.06,109.06,125.9,141.62
244,136.23,139.17,139.78,142.67,134.06,139.9,109.17,125.95,141.62
244.25,136.17,139.06,139.67,142.67,134.06,139.78,109.34,126.12,141.51
244.5,136.12,138.95,139.67,142.56,134.06,139.84,109.34,126.06,141.4
244.75,136.06,138.78,139.56,142.51,134.06,139.78,109.28,126.06,141.4
245,136.01,138.67,139.56,142.51,134.12,139.78,109.12,126.28,141.34
245.25,136.01,138.62,139.56,142.56,134.06,139.78,109.12,126.45,141.34
245.5,135.95,138.28,139.56,142.51,134.01,139.62,109.01,126.4,141.17
245.75,135.9,138.12,139.51,142.45,134.01,139.67,108.95,126.67,141.12
246,135.9,138.01,139.56,142.4,134.01,139.62,108.95,126.73,141.06
246.25,135.84,137.9,139.56,142.4,133.95,139.67,109.17,126.78,140.95
246.5,135.78,137.78,139.62,142.28,133.9,139.51,109.23,126.84,140.84
246.75,135.67,137.67,139.45,142.28,133.9,139.56,109.28,127.06,140.78
247,135.67,137.62,138.84,142.28,133.84,139.45,109.51,127.01,140.67
247.25,135.62,137.56,138.62,142.12,133.84,139.34,109.51,127.06,140.67
247.5,135.62,137.62,138.67,142.12,133.78,139.4,109.51,127.06,140.62
247.75,135.51,137.56,138.67,142.06,133.84,139.34,109.67,127.12,140.67
248,135.51,137.62,138.67,142.12,133.84,139.34,109.9,127.28,140.67
248.25,135.45,137.56,138.78,142.06,133.78,139.28,109.95,127.4,140.62
248.5,135.51,137.62,138.78,142.01,133.73,139.23,110.06,127.4,140.62
248.75,135.4,137.62,138.84,142.01,133.78,139.28,110.23,127.51,140.56
249,135.4,137.56,138.9,141.95,133.73,139.12,110.28,127.51,140.62
249.25,135.34,137.56,138.95,141.95,133.62,139.12,110.4,127.73,140.56
249.5,135.23,137.56,138.9,141.84,133.67,139.06,110.45,127.73,140.51
249.75,135.17,137.56,139.01,141.78,133.62,139.12,110.56,127.84,140.45
250,135.17,137.56,139.12,141.84,133.62,139.06,110.73,127.95,140.51
250.25,135.12,137.51,138.95,141.67,133.56,139.01,110.84,127.95,140.45
250.5,135.01,137.56,139.01,141.67,133.62,139.06,110.9,128.01,140.45
250.75,135.12,137.51,139.06,141.78,133.56,138.95,110.84,128.12,140.51
251,135.06,137.56,139.06,141.67,133.62,138.95,111.01,128.17,140.45
251.25,135.12,137.51,139.01,141.62,133.56,138.84,111.06,128.17,140.34
251.5,134.95,137.34,138.9,141.56,133.56,138.78,111.06,128.17,140.4
251.75,134.95,137.28,138.67,141.56,133.62,138.84,111.12,128.34,140.34
252,134.84,137.12,138.56,141.4,133.45,138.78,111.28,128.34,140.23
252.25,134.9,137.01,138.62,141.51,133.45,138.73,111.45,128.51,140.12
252.5,134.78,136.9,138.62,141.34,133.45,138.67,111.56,128.56,140.01
252.75,134.78,136.73,138.67,141.34,133.4,138.67,111.62,128.62,139.95
253,134.67,136.56,138.73,141.34,133.45,138.67,111.67,128.67,139.78
253.25,134.67,136.45,138.67,141.34,133.4,138.67,111.78,128.78,139.78
253.5,134.62,136.28,138.67,141.28,133.4,138.62,111.95,128.78,139.67
253.75,134.62,136.4,138.78,141.28,133.45,138.62,112.01,128.95,139.51
254,134.62,136.28,138.78,141.28,133.45,138.56,112.17,129.06,139.45
254.25,134.56,136.17,138.84,141.23,133.4,138.51,112.17,129.06,139.4
254.5,134.51,136.17,138.9,141.17,133.4,138.51,112.23,129.06,139.4
254.75,134.45,136.17,138.95,141.17,133.4,138.4,112.4,129.17,139.28
255,134.4,136.06,138.95,141.12,133.4,138.45,112.4,129.23,139.28
255.25,134.4,136.06,138.95,141.06,133.34,138.34,112.51,129.23,139.12
255.5,134.28,136.06,139.01,141.01,133.28,138.34,112.62,129.28,139.12
255.75,134.28,136.06,139.01,141.06,133.34,138.34,112.73,129.45,139.23
256,134.28,136.06,139.06,141.01,133.28,138.28,112.78,129.45,139.06
256.25,134.23,136.06,139.12,141.06,133.34,138.23,112.9,129.51,139.01
256.5,134.17,136.06,139.12,141.06,133.28,138.23,112.95,129.67,139.06
256.75,134.17,135.95,139.12,140.95,133.23,138.23,112.95,129.67,138.95
257,134.23,136.06,139.12,141.01,133.28,138.23,113.12,129.73,139.01
257.25,134.12,136.01,139.12,141.01,133.34,138.23,113.17,129.78,138.9
257.5,134.01,135.84,139.12,140.9,133.17,138.17,113.12,129.73,138.9
257.75,134.06,135.95,139.17,140.9,133.28,138.06,113.23,129.67,138.9
258,133.9,135.84,139.17,140.9,133.17,138.01,113.28,129.67,138.9
258.25,133.95,135.9,139.23,140.78,133.28,138.01,113.34,129.9,138.95
258.5,134.01,135.9,139.23,140.78,133.23,138.06,113.4,129.9,138.9
258.75,133.95,135.78,139.17,140.9,133.17,138.01,113.45,130.01,138.95
259,133.95,135.78,139.17,140.67,133.06,137.9,113.62,130.12,138.95
259.25,133.9,135.84,139.23,140.67,133.12,138.01,113.51,130.17,138.95
259.5,133.84,135.84,139.23,140.78,133.12,137.95,113.56,130.23,138.9
259.75,133.73,135.78,139.17,140.73,133.06,137.9,113.62,130.28,138.9
260,133.78,135.67,139.12,140.67,133.06,137.95,113.73,130.28,138.9
260.25,133.67,135.67,139.12,140.67,133.06,137.84,113.78,130.28,138.9
260.5,133.62,135.73,139.12,140.62,133.06,137.78,113.95,130.4,138.9
260.75,133.62,135.73,139.23,140.51,133.06,137.73,114.01,130.4,138.9
261,133.62,135.62,139.17,140.62,133.12,137.73,114.01,130.45,138.84
261.25,133.56,135.62,139.17,140.51,133.06,137.73,114.06,130.51,138.9
261.5,133.56,135.56,139.06,140.51,133.01,137.78,114.17,130.51,138.9
261.75,133.51,135.67,139.12,140.51,133.01,137.73,114.17,130.56,138.84
262,133.45,135.56,138.95,140.45,133.01,137.67,114.28,130.67,138.95
262.25,133.45,135.51,139.01,140.45,133.01,137.67,114.34,130.67,138.9
262.5,133.45,135.51,138.95,140.4,132.95,137.62,114.4,130.67,138.95
262.75,133.4,135.51,138.9,140.4,132.95,137.56,114.51,130.62,138.9
263,133.4,135.45,138.95,140.4,132.95,137.51,114.56,130.73,138.9
263.25,133.4,135.4,138.9,140.4,132.95,137.56,114.56,130.73,138.95
263.5,133.34,135.4,138.9,140.23,132.84,137.51,114.56,130.73,138.84
263.75,133.34,135.4,138.9,140.23,132.84,137.45,114.62,130.78,138.9
264,133.28,135.45,138.9,140.17,132.9,137.45,114.62,130.78,138.78
264.25,133.23,135.34,138.9,140.06,132.78,137.34,114.62,130.78,138.84
264.5,133.28,135.34,138.9,140.17,132.84,137.34,114.67,130.78,138.84
264.75,133.28,135.28,138.9,140.17,132.84,137.45,114.78,131.01,138.84
265,133.17,135.34,138.78,140.12,132.78,137.4,114.84,131.01,138.73
265.25,133.12,135.23,138.84,140.06,132.78,137.28,114.9,131.01,138.78
265.5,133.23,135.17,138.78,140.01,132.78,137.23,114.9,131.06,138.73
265.75,133.17,135.12,138.73,140.06,132.78,137.23,114.95,131.06,138.84
266,133.06,135.06,138.67,140.01,132.73,137.12,114.95,131.01,138.67
266.25,133.12,135.06,138.62,140.01,132.78,137.17,115.01,131.17,138.73
266.5,133.01,135.01,138.56,139.9,132.67,137.12,115.06,131.23,138.67
266.75,133.06,135.01,138.56,139.9,132.67,137.12,115.17,131.23,138.62
267,133.01,134.9,138.51,139.9,132.67,137.06,115.17,131.12,138.62
267.25,133.01,135.01,138.45,139.95,132.73,137.17,115.17,131.17,138.62
267.5,132.95,134.9,138.45,140.01,132.73,137.17,115.28,131.28,138.62
267.75,132.95,134.9,138.4,139.9,132.67,137.12,115.28,131.34,138.62
268,132.9,134.84,138.4,139.84,132.67,137.01,115.28,131.4,138.62
268.25,132.9,134.84,138.34,139.84,132.67,136.95,115.4,131.56,138.62
268.5,132.78,134.78,138.28,139.78,132.56,136.95,115.51,131.62,138.51
268.75,132.78,134.73,138.23,139.73,132.67,136.95,115.56,131.56,138.56
269,132.62,134.67,138.23,139.67,132.56,136.95,115.45,131.62,138.51
269.25,132.67,134.62,138.12,139.78,132.62,136.95,115.51,131.62,138.45
269.5,132.56,134.62,138.17,139.67,132.56,136.84,115.51,131.56,138.45
269.75,132.56,134.56,138.06,139.56,132.56,136.84,115.67,131.67,138.45
270,132.51,134.56,138.06,139.67,132.67,136.84,115.73,131.78,138.51
270.25,132.4,134.4,137.95,139.56,132.62,136.9,115.73,131.9,138.51
270.5,132.4,134.4,137.9,139.56,132.51,136.84,115.67,131.84,138.4
270.75,132.34,134.34,137.73,139.56,132.51,136.78,115.9,131.78,138.4
271,132.28,134.4,137.73,139.45,132.51,136.67,115.9,131.9,138.4
271.25,132.28,134.28,137.67,139.4,132.4,136.67,115.9,131.95,138.28
271.5,132.23,134.17,137.67,139.45,132.45,136.67,116.12,131.95,138.23
271.75,132.12,134.17,137.51,139.45,132.4,136.67,116.23,131.9,138.28
272,132.12,134.17,137.45,139.34,132.4,136.67,116.28,131.95,138.23
272.25,132.06,134.06,137.34,139.51,132.4,136.67,116.28,131.95,138.23
272.5,131.95,134.01,137.34,139.45,132.4,136.62,116.45,132.01,138.23
272.75,132.01,134.06,137.34,139.34,132.34,136.56,116.45,131.95,138.23
273,131.95,134.01,137.4,139.28,132.34,136.51,116.56,131.95,138.23
273.25,131.95,133.95,137.34,139.23,132.34,136.45,116.56,131.9,138.12
273.5,131.95,133.84,137.34,139.23,132.17,136.51,116.56,132.01,138.17
273.75,131.9,133.84,137.23,139.12,132.23,136.4,116.62,131.95,138.01
274,131.78,133.78,137.17,139.12,132.28,136.34,116.56,132.06,138.01
274.25,131.78,133.62,137.06,139.06,132.17,136.34,116.62,131.95,138.01
274.5,131.78,133.62,137.01,139.12,132.17,136.28,116.62,132.06,137.95
274.75,131.78,133.56,136.95,139.01,132.17,136.23,116.67,132.12,137.95
275,131.62,133.62,136.9,139.01,132.12,136.23,116.78,132.12,137.84
275.25,131.62,133.45,136.9,139.01,132.17,136.23,116.84,132.12,137.78
275.5,131.62,133.45,136.84,138.95,132.17,136.28,116.84,132.28,137.84
275.75,131.73,133.45,136.9,138.95,132.06,136.23,116.84,132.23,137.78
276,131.62,133.4,136.9,138.9,132.12,136.17,117.01,132.34,137.78
276.25,131.67,133.28,136.9,138.84,132.06,136.17,117.06,132.17,137.78
276.5,131.62,133.28,136.78,138.9,131.95,136.06,117.17,132.17,137.67
276.75,131.51,133.28,136.73,138.78,132.01,136.06,117.23,132.23,137.62
277,131.56,133.23,136.67,138.73,132.01,136.06,117.28,132.17,137.62
277.25,131.56,133.23,136.67,138.78,132.06,136.06,117.34,132.28,137.62
277.5,131.51,133.17,136.62,138.62,131.95,136.01,117.4,132.34,137.56
277.75,131.4,133.17,136.56,138.67,132.01,136.01,117.45,132.4,137.51
278,131.51,133.17,136.62,138.67,132.06,135.95,117.51,132.34,137.56
278.25,131.51,133.12,136.56,138.73,132.01,135.95,117.51,132.23,137.51
278.5,131.4,133.06,136.56,138.73,131.9,135.95,117.62,132.4,137.51
278.75,131.4,133.01,136.51,138.62,132.01,135.9,117.73,132.4,137.51
279,131.34,132.95,136.45,138.56,131.95,135.9,117.78,132.45,137.45
279.25,131.28,132.95,136.51,138.51,131.95,135.9,117.84,132.4,137.45
279.5,131.17,132.84,136.34,138.45,131.84,135.84,117.95,132.4,137.4
279.75,131.17,132.78,136.4,138.45,131.84,135.84,118.01,132.45,137.45
280,131.06,132.73,136.28,138.4,131.84,135.73,118.06,132.45,137.34
280.25,131.06,132.67,136.4,138.34,131.78,135.73,118.01,132.34,137.34
280.5,130.95,132.56,136.28,138.34,131.78,135.73,118.12,132.28,137.28
280.75,130.9,132.56,136.28,138.34,131.9,135.67,118.12,132.34,137.28
281,130.9,132.56,136.34,138.4,131.78,135.67,118.28,132.45,137.28
281.25,130.84,132.51,136.28,138.28,131.78,135.62,118.23,132.45,137.17
281.5,130.9,132.56,136.28,138.28,131.73,135.62,118.17,132.4,137.17
281.75,130.84,132.45,136.28,138.23,131.78,135.62,118.28,132.45,137.17
282,130.78,132.4,136.23,138.17,131.67,135.51,118.28,132.34,137.12
282.25,130.62,132.4,136.23,138.17,131.67,135.56,118.45,132.34,137.12
282.5,130.62,132.34,136.23,138.12,131.67,135.45,118.4,132.4,137.06
282.75,130.62,132.28,136.23,138.12,131.62,135.4,118.4,132.45,137.01
283,130.56,132.17,136.12,138.12,131.73,135.56,118.45,132.56,137.12
283.25,130.56,132.23,136.17,138.01,131.56,135.4,118.45,132.67,136.95
283.5,130.51,132.12,136.06,138.06,131.56,135.4,118.34,132.67,136.95
283.75,130.56,132.23,136.12,138.01,131.51,135.45,118.51,132.62,137.01
284,130.45,132.17,136.12,137.95,131.56,135.34,118.56,132.67,136.95
284.25,130.4,132.12,136.06,137.95,131.51,135.28,118.56,132.78,137.06
284.5,130.4,132.12,136.06,137.95,131.51,135.28,118.67,132.73,137.06
284.75,130.23,132.06,136.06,137.84,131.4,135.28,118.73,132.73,137.01
285,130.23,132.12,136.01,137.84,131.45,135.23,118.78,132.78,136.95
285.25,130.23,132.12,136.01,137.78,131.4,135.17,118.84,132.62,136.95
285.5,130.17,132.01,135.95,137.78,131.4,135.17,118.95,132.78,136.9
285.75,130.17,131.95,135.84,137.73,131.4,135.12,118.95,132.73,136.9
286,130.23,132.01,135.84,137.78,131.4,135.12,119.01,132.67,136.84
286.25,130.23,131.9,135.84,137.67,131.45,135.06,119.06,132.73,136.9
286.5,130.17,131.84,135.73,137.67,131.28,135.01,119.12,132.62,136.78
286.75,130.23,131.9,135.73,137.62,131.28,135.01,119.17,132.56,136.78
287,130.17,131.78,135.73,137.62,131.34,135.01,119.28,132.62,136.67
287.25,130.17,131.78,135.62,137.56,131.28,135.01,119.23,132.67,136.67
287.5,130.06,131.73,135.56,137.56,131.23,134.84,119.34,132.67,136.67
287.75,130.17,131.73,135.56,137.51,131.28,134.84,119.4,132.62,136.67
288,130.12,131.67,135.45,137.51,131.23,134.9,119.28,132.56,136.56
288.25,130.01,131.62,135.4,137.45,131.17,134.84,119.45,132.56,136.51
288.5,130.12,131.73,135.51,137.4,131.23,134.73,119.4,132.78,136.45
288.75,130.06,131.67,135.4,137.4,131.23,134.73,119.45,132.78,136.45
289,129.95,131.56,135.28,137.51,131.12,134.78,119.51,132.73,136.51
289.25,129.9,131.51,135.23,137.4,131.17,134.78,119.56,132.84,136.4
289.5,129.9,131.56,135.23,137.34,131.17,134.73,119.67,132.73,136.45
289.75,129.73,131.45,135.12,137.23,131.12,134.67,119.67,132.84,136.4
290,129.73,131.4,135.06,137.28,131.12,134.62,119.78,132.78,136.28
290.25,129.67,131.4,135.06,137.23,131.06,134.62,119.73,132.67,136.28
290.5,129.51,131.4,135.01,137.23,131.06,134.62,119.78,132.78,136.23
290.75,129.45,131.28,134.95,137.23,131.06,134.51,119.9,132.78,136.23
291,129.4,131.28,134.84,137.23,131.12,134.56,119.84,132.9,136.12
291.25,129.34,131.23,134.84,137.06,131.01,134.51,119.78,132.84,136.17
291.5,129.4,131.28,134.84,137.12,131.06,134.51,119.84,132.84,136.06
291.75,129.28,131.17,134.73,137.12,130.95,134.4,119.84,132.78,136.06
292,129.28,131.23,134.67,137.01,131.06,134.45,119.84,132.78,136.01
292.25,129.17,131.12,134.62,137.06,130.9,134.4,119.95,132.78,136.06
292.5,129.12,131.06,134.56,136.95,131.01,134.4,120.12,132.84,136.01
292.75,129.12,131.01,134.51,136.9,130.84,134.34,120.12,132.67,135.95
293,129.06,130.84,134.34,136.9,130.84,134.28,120.12,132.78,135.9
293.25,129.01,130.84,134.34,136.9,130.84,134.23,120.06,132.78,135.84
293.5,129.01,130.73,134.28,136.84,130.84,134.23,120.06,132.67,135.84
293.75,128.95,130.73,134.28,136.78,130.73,134.23,120.01,132.56,135.73
294,129.01,130.62,134.23,136.78,130.84,134.28,120.12,132.56,135.84
294.25,129.01,130.67,134.23,136.73,130.78,134.23,120.23,132.62,135.84
294.5,128.95,130.51,134.17,136.73,130.73,134.12,120.28,132.56,135.78
294.75,129.01,130.45,134.12,136.62,130.78,134.17,120.28,132.67,135.84
295,128.95,130.4,134.12,136.51,130.67,134.12,120.28,132.67,135.67
295.25,128.9,130.4,134.06,136.62,130.62,134.06,120.28,132.67,135.62
295.5,128.9,130.34,134.01,136.62,130.73,134.06,120.4,132.73,135.67
295.75,128.84,130.17,133.95,136.56,130.62,134.01,120.34,132.73,135.56
296,128.73,130.17,133.84,136.45,130.67,134.01,120.4,132.62,135.45
296.25,128.67,130.17,133.84,136.4,130.51,133.9,120.4,132.67,135.51
296.5,128.73,130.12,133.78,136.34,130.51,133.84,120.34,132.67,135.45
296.75,128.62,130.06,133.78,136.4,130.62,133.9,120.51,132.73,135.34
297,128.62,130.06,133.78,136.4,130.62,133.9,120.62,132.84,135.45
297.25,128.56,130.06,133.73,136.34,130.56,133.84,120.62,132.78,135.28
297.5,128.51,130.01,133.67,136.23,130.51,133.78,120.73,132.78,135.34
297.75,128.51,130.01,133.73,136.23,130.51,133.84,120.73,132.78,135.34
298,128.45,129.9,133.62,136.17,130.56,133.73,120.73,132.78,135.28
298.25,128.51,129.84,133.62,136.17,130.45,133.73,120.73,132.78,135.23
298.5,128.51,129.9,133.62,136.17,130.4,133.78,120.78,132.78,135.17
298.75,128.45,129.78,133.56,136.06,130.4,133.67,120.84,132.67,135.06
299,128.4,129.73,133.51,136.06,130.4,133.67,120.84,132.73,135.06
299.25,128.4,129.73,133.62,136.06,130.4,133.67,120.9,132.78,135.01
299.5,128.4,129.78,133.56,136.06,130.4,133.62,120.9,132.73,134.95
299.75,128.4,129.73,133.51,136.06,130.4,133.62,120.95,132.73,134.9
300,128.34,129.62,133.51,135.9,130.4,133.62,121.06,132.62,135.01
300.25,128.28,129.56,133.4,135.95,130.28,133.45,121.12,132.73,134.9
300.5,128.4,129.56,133.45,135.9,130.28,133.51,121.06,132.78,134.84
300.75,128.34,129.56,133.45,135.9,130.23,133.4,121.23,132.78,134.84
301,128.17,129.56,133.4,135.9,130.23,133.45,121.17,132.73,134.78
301.25,128.17,129.51,133.34,135.84,130.17,133.4,121.34,132.84,134.78
301.5,128.12,129.4,133.28,135.78,130.23,133.34,121.23,132.73,134.73
301.75,128.12,129.4,133.28,135.73,129.95,133.28,121.23,132.73,134.67
302,128.01,129.34,133.17,135.73,130.12,133.4,121.28,132.78,134.67
302.25,128.01,129.34,133.28,135.73,130.17,133.23,121.34,132.78,134.73
302.5,127.95,129.28,133.17,135.67,130.12,133.23,121.34,132.56,134.67
302.75,128.01,129.28,133.17,135.67,130.06,133.28,121.28,132.56,134.67
303,127.95,129.23,133.12,135.62,130.06,133.23,121.4,132.62,134.62
303.25,127.84,129.23,133.17,135.45,129.95,133.06,121.34,132.56,134.51
303.5,127.95,129.06,133.06,135.56,129.95,133.17,121.4,132.67,134.51
303.75,127.73,129.06,133.01,135.45,129.95,133.12,121.28,132.56,134.4
304,127.73,129.06,133.01,135.45,129.95,133.06,121.4,132.56,134.45
304.25,127.67,128.95,132.9,135.4,129.9,133.06,121.45,132.56,134.45
304.5,127.67,128.9,132.9,135.34,129.84,132.95,121.45,132.4,134.34
304.75,127.56,128.9,132.9,135.45,129.95,133.01,121.45,132.45,134.34
305,127.51,128.78,132.78,135.34,129.95,133.01,121.51,132.45,134.28
305.25,127.51,128.84,132.84,135.34,129.84,132.9,121.51,132.51,134.28
305.5,127.45,128.67,132.84,135.34,129.84,132.84,121.62,132.56,134.23
305.75,127.34,128.67,132.73,135.23,129.84,132.84,121.62,132.45,134.23
306,127.34,128.67,132.84,135.23,129.73,132.78,121.67,132.45,134.23
306.25,127.17,128.62,132.67,135.17,129.73,132.78,121.67,132.4,134.17
306.5,127.12,128.56,132.67,135.12,129.73,132.78,121.73,132.34,134.12
306.75,127.17,128.51,132.62,135.17,129.78,132.78,121.73,132.45,134.12
307,127.17,128.62,132.62,135.01,129.73,132.73,121.67,132.34,134.01
307.25,127.06,128.45,132.56,135.01,129.78,132.78,121.73,132.45,134.01
307.5,127.01,128.4,132.45,135.01,129.73,132.67,121.67,132.34,133.95
307.75,127.06,128.51,132.56,134.95,129.67,132.67,121.78,132.34,133.95
308,127.01,128.45,132.51,134.95,129.73,132.67,121.73,132.28,133.95
308.25,126.95,128.34,132.45,134.9,129.56,132.56,121.84,132.34,133.9
308.5,126.84,128.4,132.45,134.84,129.62,132.56,121.84,132.17,133.9
308.75,126.84,128.23,132.4,134.84,129.51,132.56,121.9,132.12,133.78
309,126.84,128.23,132.34,134.84,129.56,132.56,121.95,131.95,133.78
309.25,126.78,128.23,132.28,134.78,129.56,132.56,121.95,132.01,133.73
309.5,126.67,128.12,132.23,134.78,129.62,132.51,122.01,132.17,133.73
309.75,126.62,128.12,132.28,134.78,129.45,132.45,122.01,132.17,133.73
310,126.67,128.06,132.23,134.67,129.51,132.4,122.01,132.12,133.67
310.25,126.67,128.06,132.23,134.62,129.45,132.45,122.06,132.28,133.67
310.5,126.62,127.95,132.17,134.62,129.51,132.45,122.12,132.23,133.62
310.75,126.56,127.95,132.06,134.51,129.45,132.4,122.01,132.06,133.62
311,126.56,127.9,132.06,134.56,129.4,132.23,122.01,131.95,133.51
311.25,126.51,127.73,132.06,134.51,129.4,132.23,122.06,131.78,133.45
311.5,126.4,127.78,132.06,134.51,129.28,132.23,122.01,131.78,133.45
311.75,126.28,127.73,131.95,134.51,129.28,132.17,122.06,131.78,133.45
312,126.34,127.62,131.95,134.34,129.28,132.17,122.12,131.73,133.34
312.25,126.28,127.67,131.95,134.4,129.34,132.17,122.12,131.84,133.28
312.5,126.28,127.73,131.84,134.4,129.4,132.17,122.01,131.84,133.28
312.75,126.28,127.73,131.95,134.34,129.28,132.12,122.28,131.78,133.28
313,126.23,127.67,131.84,134.28,129.34,132.17,122.28,131.9,133.23
313.25,126.23,127.67,131.78,134.23,129.28,132.06,122.34,131.95,133.17
313.5,126.12,127.51,131.78,134.17,129.23,131.95,122.17,131.95,133.17
313.75,126.23,127.56,131.78,134.17,129.17,131.95,122.34,131.95,133.12
314,126.06,127.51,131.78,134.17,129.23,131.95,122.23,131.95,133.06
314.25,126.06,127.51,131.73,134.17,129.17,131.95,122.34,131.95,133.06
314.5,126.17,127.45,131.67,134.12,129.06,131.9,122.34,131.84,133.01
314.75,126.01,127.34,131.62,134.01,129.12,131.84,122.34,131.73,133.01
315,126.12,127.4,131.62,134.06,129.12,131.84,122.45,131.78,133.01
315.25,126.01,127.45,131.51,133.95,129.06,131.95,122.45,131.78,132.95
315.5,125.95,127.45,131.56,133.95,129.06,131.84,122.51,131.78,132.78
315.75,125.84,127.34,131.56,133.95,129.06,131.78,122.45,131.73,132.84
316,125.78,127.28,131.45,133.9,129.01,131.78,122.56,131.78,132.78
316.25,125.73,127.17,131.51,133.78,129.01,131.73,122.51,131.78,132.73
316.5,125.67,127.23,131.45,133.84,129.01,131.73,122.56,131.78,132.73
316.75,125.62,127.12,131.51,133.78,128.95,131.67,122.51,131.78,132.62
317,125.67,127.12,131.34,133.78,128.9,131.62,122.62,131.73,132.62
317.25,125.73,127.06,131.4,133.73,128.78,131.56,122.67,131.9,132.62
317.5,125.73,127.01,131.34,133.62,128.84,131.62,122.67,131.73,132.62
317.75,125.62,127.01,131.4,133.62,129.01,131.51,122.67,131.84,132.62
318,125.78,126.95,131.28,133.62,128.9,131.62,122.56,131.84,132.56
318.25,125.67,126.9,131.23,133.56,128.84,131.62,122.51,131.51,132.56
318.5,125.67,126.84,131.28,133.56,128.84,131.56,122.56,131.51,132.56
318.75,125.62,126.78,131.17,133.51,128.84,131.51,122.62,131.56,132.45
319,125.67,126.73,131.12,133.45,128.73,131.45,122.56,131.62,132.4
319.25,125.56,126.73,131.06,133.4,128.84,131.34,122.67,131.67,132.4
319.5,125.51,126.67,131.06,133.4,128.67,131.34,122.62,131.62,132.4
319.75,125.4,126.62,130.95,133.28,128.67,131.23,122.56,131.67,132.28
320,125.45,126.62,131.06,133.28,128.62,131.28,122.62,131.67,132.23
320.25,125.34,126.51,130.95,133.28,128.62,131.28,122.62,131.78,132.23
320.5,125.4,126.56,130.95,133.23,128.62,131.28,122.84,131.78,132.28
320.75,125.34,126.45,130.95,133.28,128.62,131.17,122.78,131.78,132.23
321,125.28,126.45,130.84,133.23,128.56,131.12,122.78,131.78,132.23
321.25,125.23,126.34,130.95,133.12,128.51,131.06,122.78,131.78,132.17
321.5,125.23,126.4,130.84,133.17,128.51,131.06,122.9,131.67,132.17
321.75,125.17,126.34,130.84,133.06,128.51,131.01,122.9,131.78,132.12
322,125.17,126.28,130.73,133.01,128.45,131.01,122.84,131.73,132.06
322.25,125.06,126.23,130.78,132.95,128.34,130.9,122.73,131.78,132.12
322.5,125.12,126.23,130.78,133.01,128.4,130.84,122.73,131.78,132.06
322.75,125.01,126.23,130.78,133.01,128.4,130.95,122.67,131.62,131.95
323,125.06,126.28,130.78,132.9,128.34,130.95,122.67,131.67,131.95
323.25,125.12,126.23,130.78,132.9,128.28,130.84,122.73,131.67,131.95
323.5,125.01,126.17,130.67,132.9,128.34,130.84,122.84,131.67,131.95
323.75,124.95,126.17,130.67,132.84,128.34,130.73,122.78,131.51,131.95
324,124.95,126.17,130.73,132.78,128.23,130.73,122.73,131.62,131.95
324.25,124.9,126.06,130.62,132.78,128.17,130.67,122.73,131.62,131.84
324.5,124.9,126.12,130.73,132.73,128.17,130.67,122.78,131.62,131.84
324.75,124.78,126.01,130.67,132.67,128.17,130.67,122.95,131.67,131.9
325,124.78,126.01,130.56,132.73,128.23,130.62,122.95,131.67,131.78
325.25,124.56,125.95,130.62,132.51,128.06,130.51,122.95,131.56,131.73
325.5,124.56,125.95,130.56,132.62,128.12,130.51,122.95,131.51,131.62
325.75,124.62,126.01,130.51,132.56,128.06,130.45,122.95,131.45,131.62
326,124.56,126.01,130.56,132.62,128.01,130.45,123.06,131.51,131.62
326.25,124.56,126.01,130.45,132.45,127.95,130.4,122.95,131.51,131.56
326.5,124.45,125.9,130.45,132.51,127.95,130.4,123.01,131.51,131.51
326.75,124.4,125.9,130.34,132.4,127.95,130.4,123.01,131.51,131.45
327,124.34,125.9,130.34,132.34,127.9,130.4,123.12,131.56,131.51
327.25,124.17,125.84,130.28,132.34,127.95,130.23,123.06,131.56,131.4
327.5,124.17,125.78,130.17,132.34,127.84,130.34,123.06,131.51,131.45
327.75,124.12,125.78,130.17,132.17,127.84,130.17,123.01,131.45,131.34
328,124.12,125.78,130.17,132.28,127.84,130.28,123.06,131.51,131.34
328.25,123.95,125.73,130.12,132.12,127.84,130.23,123.12,131.51,131.28
328.5,124.06,125.73,130.17,132.23,127.78,130.17,123.17,131.45,131.28
328.75,124.06,125.67,130.12,132.17,127.78,130.17,123.17,131.56,131.23
329,123.95,125.73,130.01,132.06,127.73,130.17,122.95,131.51,131.17
329.25,123.9,125.73,130.01,132.06,127.73,130.06,123.01,131.51,131.17
329.5,123.84,125.67,129.9,132.01,127.78,130.06,122.95,131.51,131.17
329.75,123.78,125.56,129.78,132.01,127.67,130.12,123.01,131.4,131.06
330,123.78,125.51,129.73,132.01,127.67,130.12,122.95,131.28,131.06
330.25,123.67,125.56,129.67,131.9,127.62,129.95,122.95,131.4,131.01
330.5,123.78,125.56,129.67,131.84,127.67,129.95,122.9,131.45,131.01
330.75,123.73,125.51,129.56,131.84,127.62,130.01,122.95,131.34,131.01
331,123.78,125.4,129.56,131.84,127.51,130.06,122.95,131.45,130.95
331.25,123.62,125.34,129.51,131.78,127.51,129.9,122.9,131.28,130.95
331.5,123.62,125.28,129.45,131.78,127.45,129.84,123.06,131.17,130.9
331.75,123.62,125.23,129.4,131.73,127.45,129.84,123.06,131.28,130.78
332,123.4,125.17,129.28,131.62,127.45,129.78,122.95,131.17,130.73
332.25,123.34,125.17,129.34,131.56,127.4,129.78,123.06,130.9,130.78
332.5,123.34,125.12,129.28,131.62,127.34,129.73,123.06,130.95,130.78
332.75,123.4,125.01,129.28,131.62,127.4,129.67,123.06,130.84,130.67
333,123.34,125.01,129.23,131.56,127.34,129.67,123.01,130.9,130.62
333.25,123.4,124.95,129.12,131.51,127.34,129.67,123.12,130.95,130.62
333.5,123.4,125.01,129.17,131.51,127.28,129.73,123.17,130.78,130.62
333.75,123.34,124.95,129.12,131.45,127.23,129.67,123.23,130.78,130.51
334,123.28,124.84,129.12,131.34,127.17,129.51,123.28,130.84,130.51
334.25,123.23,124.84,129.06,131.34,127.12,129.51,123.28,130.84,130.51
334.5,123.28,124.84,129.06,131.28,127.17,129.4,123.34,130.84,130.45
334.75,123.17,124.73,129.06,131.23,127.01,129.28,123.34,130.78,130.34
335,123.23,124.73,129.01,131.23,127.06,129.28,123.45,130.73,130.4
335.25,123.17,124.67,129.06,131.23,127.01,129.28,123.45,130.73,130.34
335.5,123.28,124.78,129.06,131.12,127.01,129.28,123.51,130.67,130.4
335.75,123.23,124.62,128.9,131.06,127.01,129.28,123.34,130.56,130.23
336,123.12,124.62,128.9,131.06,126.95,129.28,123.34,130.4,130.17
336.25,123.17,124.62,128.78,131.01,126.9,129.23,123.28,130.45,130.17
336.5,123.12,124.67,128.9,131.01,126.84,129.12,123.17,130.34,130.17
336.75,123.12,124.51,128.78,131.01,126.84,129.01,123.12,130.23,130.06
337,123.12,124.45,128.84,130.9,126.9,129.06,123.01,130.4,130.12
337.25,123.17,124.51,128.78,130.84,126.78,128.95,122.95,130.4,130.06
337.5,123.06,124.4,128.84,130.84,126.78,128.95,123.17,130.4,129.95
337.75,123.01,124.45,128.78,130.78,126.73,128.78,123.17,130.4,130.01
338,122.73,124.4,128.73,130.84,126.73,128.84,123.12,130.4,129.9
338.25,122.73,124.34,128.67,130.73,126.67,128.62,122.95,130.28,129.95
338.5,122.62,124.34,128.56,130.67,126.67,128.34,123.06,130.34,129.95
338.75,122.56,124.28,128.51,130.62,126.62,128.4,123.17,130.4,129.9
339,122.56,124.28,128.56,130.67,126.56,128.4,123.28,130.17,129.84
339.25,122.62,124.28,128.4,130.56,126.56,128.28,123.28,130.06,129.73
339.5,122.62,124.23,128.4,130.51,126.51,128.23,123.34,130.01,129.73
339.75,122.62,124.17,128.28,130.45,126.51,128.23,123.4,130.23,129.78
340,122.56,124.12,128.28,130.4,126.45,128.17,123.4,130.06,129.67
340.25,122.56,124.12,128.23,130.4,126.45,128.06,123.28,129.78,129.62
340.5,122.56,124.12,128.34,130.34,126.34,128.12,123.28,129.67,129.67
340.75,122.34,124.06,128.28,130.34,126.34,128.12,123.28,129.51,129.62
341,122.12,123.95,128.34,130.23,126.4,128.01,123.17,129.67,129.51
341.25,122.12,124.01,128.23,130.23,126.28,128.06,123.17,129.78,129.62
341.5,122.06,123.84,128.23,130.23,126.23,128.01,123.23,129.84,129.56
341.75,122.12,123.95,128.23,130.17,126.23,127.84,123.17,129.9,129.62
342,122.12,123.78,128.17,130.17,126.12,127.84,123.17,129.95,129.51
342.25,122.12,123.73,128.23,130.06,126.06,127.84,123.17,129.95,129.34
342.5,122.06,123.73,128.23,130.06,126.01,127.78,123.06,129.84,129.4
342.75,121.95,123.62,128.17,129.95,126.01,127.67,123.17,129.67,129.28
343,121.95,123.56,128.17,129.95,125.9,127.67,123.17,129.51,129.28
343.25,122.01,123.62,128.17,129.95,125.95,127.62,123.23,129.51,129.28
343.5,121.95,123.51,128.17,129.9,125.9,127.56,123.12,129.56,129.23
343.75,121.78,123.56,128.17,129.9,125.78,127.56,123.01,129.4,129.23
344,121.73,123.45,128.12,129.78,125.78,127.56,122.95,129.51,129.17
344.25,121.67,123.56,128.17,129.84,125.73,127.51,123.12,129.56,129.12
344.5,121.67,123.4,128.23,129.78,125.67,127.4,123.17,129.4,129.12
344.75,121.73,123.4,128.23,129.73,125.67,127.45,123.12,129.51,129.06
345,121.62,123.4,128.17,129.67,125.73,127.4,123.17,129.28,129.01
345.25,121.73,123.4,128.17,129.56,125.56,127.34,123.12,129.17,128.95
345.5,121.56,123.34,128.12,129.67,125.62,127.28,123.17,129.01,128.9
345.75,121.51,123.28,128.12,129.62,125.51,127.28,123.06,128.9,128.84
346,121.56,123.34,128.01,129.51,125.62,127.17,123.17,128.84,128.84
346.25,121.51,123.17,127.95,129.56,125.51,127.17,123.17,128.84,128.84
346.5,121.4,123.23,127.9,129.51,125.45,127.06,123.23,128.84,128.67
346.75,121.45,123.17,127.9,129.34,125.4,127.01,123.28,129.01,128.73
347,121.34,123.17,127.84,129.28,125.4,127.01,123.17,128.9,128.73
347.25,121.34,123.12,127.78,129.34,125.34,126.95,123.28,129.06,128.73
347.5,121.28,123.12,127.73,129.28,125.23,126.9,123.17,128.95,128.67
347.75,121.28,123.12,127.56,129.28,125.28,126.84,123.17,129.01,128.67
348,121.34,123.12,127.56,129.23,125.23,126.9,123.17,128.78,128.67
348.25,121.17,123.01,127.56,129.23,125.23,126.84,122.95,128.73,128.62
348.5,121.12,123.01,127.56,129.06,125.12,126.73,122.9,128.62,128.56
348.75,121.17,122.95,127.51,129.12,125.12,126.84,122.78,128.51,128.45
349,121.12,122.95,127.51,129.06,125.01,126.62,122.9,128.56,128.51
349.25,121.06,122.9,127.34,129.06,124.9,126.62,122.95,128.73,128.45
349.5,121.12,122.9,127.28,129.01,125.01,126.62,122.95,128.78,128.4
349.75,121.01,122.84,127.23,129.01,125.01,126.45,122.9,128.67,128.34
350,121.01,122.84,127.17,128.95,124.9,126.45,122.9,128.17,128.28
350.25,121.01,122.84,127.12,128.95,124.9,126.4,122.84,128.06,128.23
350.5,120.95,122.78,127.12,128.95,124.84,126.28,122.95,128.23,128.28
350.75,120.95,122.73,127.01,128.9,124.78,126.34,122.9,128.17,128.23
351,120.9,122.62,126.9,128.9,124.73,126.28,122.84,128.01,128.17
351.25,120.95,122.67,126.84,128.84,124.73,126.4,123.01,127.95,128.17
351.5,120.9,122.73,126.78,128.78,124.62,126.23,122.9,127.9,128.12
351.75,120.9,122.67,126.73,128.67,124.62,126.23,123.06,127.78,128.17
352,120.78,122.56,126.67,128.67,124.62,126.23,122.95,127.78,128.17
352.25,120.73,122.56,126.67,128.67,124.56,126.17,122.95,127.62,128.06
352.5,120.73,122.51,126.56,128.56,124.45,126.01,122.95,127.51,128.06
352.75,120.67,122.51,126.51,128.56,124.51,126.01,122.9,127.78,128.01
353,120.67,122.51,126.45,128.62,124.56,126.06,123.01,127.67,128.01
353.25,120.62,122.51,126.45,128.45,124.45,125.95,122.95,127.62,127.95
353.5,120.62,122.45,126.4,128.51,124.45,125.84,122.95,127.67,127.95
353.75,120.62,122.45,126.17,128.51,124.51,125.95,122.9,127.73,127.84
354,120.51,122.34,126.12,128.4,124.34,125.78,122.9,127.73,127.84
354.25,120.51,122.4,126.01,128.34,124.28,125.78,122.9,127.62,127.84
354.5,120.4,122.45,125.84,128.34,124.23,125.78,122.9,127.62,127.73
354.75,120.45,122.34,125.9,128.23,124.23,125.62,122.9,127.62,127.73
355,120.4,122.34,125.84,128.28,124.23,125.67,122.95,127.45,127.73
355.25,120.34,122.34,125.78,128.23,124.17,125.62,123.01,127.51,127.67
355.5,120.4,122.23,125.78,128.17,124.06,125.56,122.95,127.56,127.73
355.75,120.34,122.23,125.78,128.17,124.17,125.51,122.78,127.51,127.62
356,120.28,122.23,125.67,128.23,124.06,125.34,122.78,127.34,127.73
356.25,120.28,122.17,125.73,128.12,124.01,125.4,122.95,127.45,127.67
356.5,120.23,122.23,125.73,128.01,123.95,125.34,122.84,127.34,127.67
356.75,120.17,122.17,125.62,128.01,123.95,125.34,122.9,127.06,127.51
357,120.17,122.12,125.62,127.9,123.95,125.28,122.9,127.06,127.56
357.25,120.01,122.12,125.51,127.95,123.95,125.23,122.73,126.84,127.45
357.5,119.95,122.12,125.45,127.84,123.84,125.17,122.73,126.95,127.51
357.75,120.01,122.06,125.45,127.84,123.84,125.17,122.78,126.84,127.51
358,120.01,122.06,125.28,127.78,123.73,125.12,122.78,126.67,127.51
358.25,119.84,122.01,125.23,127.78,123.73,125.01,122.84,126.67,127.4
358.5,119.73,122.01,125.17,127.84,123.78,125.01,122.78,126.78,127.51
358.75,119.73,121.95,125.23,127.73,123.73,124.84,122.73,126.9,127.4
359,119.67,122.06,125.23,127.73,123.56,124.95,122.73,126.9,127.28
359.25,119.67,121.9,125.17,127.62,123.62,124.84,122.78,126.95,127.28
359.5,119.67,121.9,125.06,127.62,123.51,124.78,122.56,126.95,127.28
359.75,119.62,121.84,125.01,127.51,123.56,124.73,122.56,127.01,127.28
360,119.51,121.78,124.95,127.51,123.51,124.73,122.67,126.84,127.23
360.25,119.56,121.78,124.9,127.51,123.51,124.67,122.62,126.78,127.17
360.5,119.51,121.73,124.95,127.4,123.51,124.56,122.56,126.9,127.12
360.75,119.45,121.78,124.9,127.51,123.51,124.56,122.34,126.84,127.17
361,119.51,121.78,124.84,127.45,123.4,124.51,122.34,126.84,127.06
361.25,119.45,121.67,124.67,127.34,123.4,124.45,122.34,126.84,127.06
361.5,119.34,121.67,124.4,127.28,123.34,124.4,122.51,126.9,127.06
361.75,119.34,121.62,124.28,127.28,123.28,124.4,122.56,126.62,127.06
362,119.28,121.67,124.17,127.17,123.23,124.34,122.56,126.62,127.01
362.25,119.23,121.56,124.17,127.17,123.23,124.28,122.56,126.56,127.01
362.5,119.17,121.56,124.01,127.06,123.12,124.12,122.51,126.45,127.01
362.75,119.06,121.56,123.95,127.06,123.12,124.12,122.56,126.34,127.01
363,119.06,121.51,124.01,127.06,123.06,123.95,122.34,126.4,126.9
363.25,119.06,121.51,123.95,126.95,123.06,124.01,122.34,126.4,126.9
363.5,118.95,121.4,123.95,127.06,123.01,123.95,122.4,126.4,126.84
363.75,119.06,121.45,123.95,127.01,123.01,123.9,122.45,126.4,126.73
364,118.95,121.51,123.9,126.84,122.9,123.84,122.51,126.4,126.73
364.25,118.95,121.45,123.9,126.9,122.95,123.78,122.56,126.4,126.73
364.5,118.84,121.34,123.84,126.9,122.95,123.84,122.73,126.01,126.78
364.75,118.62,121.4,123.84,126.84,122.78,123.78,122.73,126.06,126.73
365,118.45,121.34,123.78,126.73,122.78,123.73,122.67,126.12,126.67
365.25,118.28,121.34,123.73,126.78,122.73,123.67,122.62,125.9,126.62
365.5,118.12,121.28,123.62,126.73,122.62,123.62,122.62,125.95,126.56
365.75,117.95,121.34,123.56,126.67,122.56,123.51,122.56,125.78,126.51
366,117.84,121.23,123.56,126.73,122.51,123.56,122.56,125.78,126.51
366.25,117.78,121.23,123.45,126.67,122.56,123.51,122.56,125.84,126.45
366.5,117.67,121.28,123.45,126.62,122.51,123.51,122.45,125.9,126.45
366.75,117.45,121.28,123.4,126.51,122.45,123.45,122.51,125.62,126.45
367,117.45,121.34,123.34,126.51,122.4,123.34,122.56,125.45,126.45
367.25,117.4,121.23,123.4,126.51,122.34,123.34,122.45,125.56,126.45
367.5,117.28,121.12,123.34,126.45,122.34,123.17,122.56,125.62,126.4
367.75,117.28,121.12,123.4,126.34,122.28,123.06,122.56,125.62,126.4
368,117.23,121.12,123.17,126.34,122.23,123.17,122.62,125.56,126.4
368.25,117.23,121.12,123.12,126.28,122.23,123.06,122.45,125.56,126.4
368.5,117.23,121.12,123.01,126.4,122.34,123.17,122.45,125.45,126.34
368.75,117.06,121.06,122.9,126.34,122.17,123.17,122.45,125.51,126.28
369,117.06,121.12,122.95,126.28,122.12,122.95,122.62,125.34,126.28
369.25,116.84,121.01,122.78,126.23,122.12,122.9,122.51,125.4,126.23
369.5,116.78,121.06,122.78,126.17,122.12,122.67,122.51,125.51,126.28
369.75,116.73,121.01,122.73,126.06,122.06,122.62,122.56,125.4,126.17
370,116.73,120.95,122.73,126.01,122.12,122.56,122.51,125.4,126.17
370.25,116.62,120.95,122.78,125.95,121.95,122.62,122.4,125.45,126.06
370.5,116.45,120.95,122.67,125.95,122.01,122.62,122.45,125.28,126.06
370.75,116.28,120.9,122.62,125.9,121.84,122.62,122.34,125.28,126.01
371,116.23,120.84,122.62,125.95,121.9,122.56,122.23,125.17,125.9
371.25,116.28,120.95,122.62,125.9,121.9,122.62,122.23,125.17,125.9
371.5,116.23,120.84,122.62,125.78,121.73,122.56,122.23,125.12,125.84
371.75,116.23,120.67,122.56,125.78,121.73,122.45,122.28,125.12,125.84
372,116.23,120.67,122.45,125.73,121.73,122.4,122.34,125.17,125.73
372.25,116.17,120.62,122.45,125.67,121.67,122.34,122.34,125.12,125.73
372.5,116.23,120.56,122.4,125.62,121.67,122.34,122.34,125.01,125.67
372.75,116.12,120.45,122.34,125.56,121.56,122.28,122.34,124.9,125.67
373,116.12,120.4,122.28,125.56,121.56,122.34,122.34,124.56,125.62
373.25,115.95,120.28,122.12,125.51,121.45,122.17,122.23,124.56,125.51
373.5,116.06,120.34,122.12,125.4,121.56,122.23,122.17,124.73,125.51
373.75,115.95,120.12,122.06,125.4,121.4,122.12,122.17,124.73,125.51
374,115.9,120.17,122.01,125.4,121.45,122.12,122.12,124.56,125.4
374.25,115.84,120.17,122.01,125.34,121.4,122.12,122.23,124.73,125.4
374.5,115.73,120.12,121.95,125.28,121.34,122.01,122.23,124.78,125.28
374.75,115.62,119.95,121.78,125.28,121.34,122.01,122.23,124.78,125.23
375,115.51,119.9,121.67,125.17,121.34,121.95,122.17,124.84,125.17
375.25,115.34,119.78,121.62,125.06,121.28,121.95,122.06,124.84,125.17
375.5,115.28,119.78,121.51,125.01,121.12,121.78,122.12,124.56,125.06
375.75,115.17,119.67,121.28,124.95,121.06,121.73,121.78,124.62,125.01
376,115.12,119.73,121.12,124.9,121.06,121.62,121.73,124.62,124.95
376.25,115.06,119.62,121.12,124.95,121.01,121.67,121.73,124.56,124.9
376.5,115.01,119.62,121.12,124.95,121.01,121.45,121.84,124.4,125.01
376.75,115.01,119.51,121.06,124.84,120.9,121.45,121.84,124.28,124.9
377,114.95,119.51,120.95,124.78,120.9,121.34,121.84,124.17,124.84
377.25,114.84,119.45,120.84,124.78,120.84,121.34,121.73,124.12,124.84
377.5,114.78,119.4,120.84,124.73,120.78,121.4,121.78,124.01,124.84
377.75,114.78,119.28,120.84,124.62,120.73,121.34,121.9,124.12,124.78
378,114.62,119.28,120.73,124.56,120.67,121.28,121.73,124.12,124.67
378.25,114.67,119.28,120.73,124.51,120.62,121.17,121.62,124.17,124.73
378.5,114.62,119.23,120.78,124.45,120.62,121.12,121.62,124.12,124.67
378.75,114.51,119.12,120.67,124.4,120.56,121.17,121.67,123.95,124.67
379,114.45,119.17,120.51,124.4,120.56,121.12,121.51,123.95,124.56
379.25,114.45,119.06,120.51,124.4,120.45,121.06,121.62,123.95,124.56
379.5,114.4,119.01,120.51,124.28,120.45,121.06,121.56,123.73,124.51
379.75,114.28,118.95,120.23,124.28,120.4,120.95,121.56,123.62,124.45
380,114.17,118.84,120.06,124.28,120.45,120.84,121.62,123.67,124.34
380.25,114.12,118.73,120.12,124.17,120.4,120.78,121.51,123.56,124.34
380.5,114.01,118.73,120.01,124.12,120.34,120.78,121.56,123.45,124.23
380.75,113.95,118.62,119.84,123.95,120.28,120.78,121.51,123.34,124.23
381,113.84,118.62,119.51,124.01,120.28,120.73,121.51,123.28,124.12
381.25,113.67,118.51,119.45,123.95,120.23,120.78,121.34,123.28,124.17
381.5,113.67,118.45,119.34,123.9,120.23,120.56,121.51,123.17,124.06
381.75,113.67,118.45,119.45,123.78,120.17,120.56,121.45,123.28,124.17
382,113.73,118.45,119.4,123.84,120.23,120.45,121.56,123.17,124.06
382.25,113.56,118.28,119.51,123.73,120.12,120.45,121.51,123.17,124.06
382.5,113.51,118.4,119.51,123.73,120.06,120.56,121.4,123.17,124.06
382.75,113.45,118.23,119.45,123.62,120.01,120.51,121.17,123.12,124.01
383,113.34,118.12,119.45,123.56,119.9,120.45,121.06,122.95,124.01
383.25,113.23,118.17,119.4,123.51,120.01,120.34,121.12,122.9,123.9
383.5,113.17,118.12,119.4,123.51,120.01,120.4,121.23,122.84,123.84
383.75,113.12,117.95,119.4,123.34,119.84,120.34,121.17,122.73,123.78
384,113.06,118.01,119.4,123.28,119.9,120.28,121.12,122.73,123.67
384.25,112.95,117.95,119.4,123.34,119.9,120.17,121.12,122.4,123.67
384.5,112.95,117.9,119.34,123.28,119.78,120.23,121.12,122.12,123.73
384.75,112.9,117.84,119.28,123.17,119.73,120.23,121.01,122.06,123.67
385,112.84,117.9,119.23,123.12,119.78,120.12,121.12,122.23,123.62
385.25,112.73,117.78,119.01,123.06,119.62,120.12,121.06,122.01,123.56
385.5,112.67,117.67,118.9,123.01,119.56,119.95,121.06,121.84,123.45
385.75,112.51,117.67,118.9,122.95,119.56,119.73,120.95,121.78,123.4
386,112.4,117.62,118.95,122.78,119.51,119.73,120.95,121.67,123.34
386.25,112.4,117.56,118.9,122.84,119.62,119.84,120.95,121.73,123.28
386.5,112.4,117.51,118.9,122.78,119.67,119.67,120.9,121.78,123.23
386.75,112.34,117.56,118.95,122.73,119.56,119.73,120.78,121.78,123.17
387,112.4,117.51,118.9,122.73,119.45,119.67,120.84,121.78,123.12
387.25,112.28,117.45,118.84,122.56,119.45,119.67,121.01,121.9,123.06
387.5,112.28,117.45,118.78,122.56,119.45,119.67,121.12,122.01,123.12
387.75,112.28,117.45,118.9,122.51,119.34,119.62,121.06,121.9,123.12
388,112.17,117.34,118.78,122.4,119.34,119.45,121.12,121.78,123.12
388.25,112.23,117.34,118.73,122.4,119.28,119.28,121.06,121.67,123.12
388.5,112.23,117.34,118.67,122.34,119.17,119.23,121.06,121.67,122.95
388.75,112.12,117.34,118.62,122.23,119.12,119.34,121.06,121.51,122.95
389,112.06,117.23,118.51,122.28,119.17,119.28,121.01,121.45,122.9
389.25,112.06,117.17,118.34,122.23,119.12,119.34,120.95,121.4,122.9
389.5,111.95,117.23,118.34,122.12,119.12,119.28,120.9,121.51,122.84
389.75,111.95,117.23,118.34,122.12,119.06,119.12,120.9,121.45,122.84
390,111.78,117.06,118.17,122.06,119.06,119.06,120.84,121.4,122.73
390.25,111.84,117.01,118.12,122.01,119.01,119.17,120.84,121.23,122.67
390.5,111.78,117.01,118.06,122.01,118.95,119.06,120.84,121.12,122.67
390.75,111.67,116.9,117.9,121.95,118.84,119.06,120.84,121.01,122.51
391,111.56,116.84,117.84,121.84,118.73,118.9,120.9,121.01,122.51
391.25,111.51,116.78,117.45,121.73,118.67,118.95,120.84,121.06,122.4
391.5,111.4,116.67,117.34,121.67,118.62,118.84,120.67,121.12,122.34
391.75,111.45,116.67,117.34,121.67,118.56,118.78,120.73,121.06,122.23
392,111.4,116.56,117.4,121.73,118.67,118.84,120.9,121.23,122.34
392.25,111.28,116.34,117.23,121.56,118.62,118.62,120.84,121.12,122.23
392.5,111.17,116.17,117.17,121.51,118.51,118.4,120.9,121.12,122.12
392.75,111.06,115.95,117.12,121.45,118.45,118.51,120.9,121.01,122.06
393,111.12,115.78,116.84,121.4,118.4,118.51,120.95,121.01,122.06
393.25,110.95,115.67,116.78,121.28,118.28,118.34,120.95,120.9,121.95
393.5,110.95,115.56,116.78,121.28,118.17,118.28,120.9,120.84,121.73
393.75,111.01,115.56,116.67,121.34,118.28,118.45,121.01,120.62,121.73
394,110.84,115.45,116.62,121.34,118.23,118.28,120.9,120.17,121.73
394.25,110.84,115.56,116.28,121.23,118.17,118.28,121.06,120.12,121.67
394.5,110.84,115.51,116.06,121.12,118.17,118.17,121.01,120.28,121.73
394.75,110.9,115.51,116.01,121.06,118.17,118.01,120.9,120.4,121.67
395,110.84,115.45,115.9,121.01,118.06,117.84,120.73,120.28,121.56
395.25,110.84,115.45,115.9,121.06,118.06,118.01,120.67,120.4,121.51
395.5,110.84,115.4,115.78,120.9,118.01,118.06,120.51,120.34,121.56
395.75,110.78,115.28,115.62,120.9,117.9,117.9,120.45,120.4,121.45
396,110.67,115.23,115.4,120.84,117.84,117.84,120.28,120.34,121.4
396.25,110.62,115.17,114.78,120.78,117.9,117.84,120.12,120.23,121.34
396.5,110.62,115.17,114.56,120.78,117.9,117.84,119.67,120.34,121.23
396.75,110.56,115.17,114.12,120.67,117.84,117.73,119.67,120.23,121.17
397,110.51,115.12,113.95,120.62,117.73,117.73,119.73,120.17,121.12
397.25,110.51,115.12,113.67,120.56,117.73,117.45,119.67,120.12,121.01
397.5,110.4,115.01,113.78,120.51,117.67,117.23,119.62,119.9,121.06
397.75,110.34,114.9,113.56,120.51,117.56,117.45,119.73,119.67,120.95
398,110.28,114.9,113.45,120.45,117.62,117.56,119.56,119.73,121.01
398.25,110.12,114.78,112.84,120.28,117.51,117.45,119.51,119.78,120.9
398.5,110.06,114.67,112.67,120.23,117.34,117.45,119.51,119.78,120.9
398.75,110.01,114.73,112.62,120.28,117.34,117.01,119.4,119.78,120.9
399,110.01,114.67,112.4,120.17,117.34,117.23,119.4,119.51,120.84
399.25,109.95,114.56,112.17,120.12,117.23,117.23,119.51,119.62,120.67
399.5,109.84,114.56,112.34,120.12,117.23,117.34,119.45,119.56,120.67
399.75,109.9,114.56,111.78,120.06,117.23,117.28,119.4,119.67,120.78
400,109.78,114.51,111.73,120.01,117.12,117.23,119.51,119.45,120.56
400.25,109.78,114.45,112.06,119.95,117.06,117.17,119.34,119.28,120.56
400.5,109.73,114.45,112.17,119.84,117.06,117.12,119.51,119.4,120.51
400.75,109.67,114.34,111.9,119.78,117.01,117.17,119.4,119.12,120.4
401,109.56,114.34,111.62,119.78,116.95,116.9,119.34,119.06,120.23
401.25,109.51,114.34,111.56,119.73,116.78,116.9,119.12,119.12,120.28
401.5,109.45,114.12,111.23,119.62,116.84,116.9,119.06,119.12,120.23
401.75,109.4,114.12,111.34,119.62,116.78,116.95,119.06,119.06,120.12
402,109.51,114.06,110.67,119.62,116.67,116.95,119.17,119.01,120.12
402.25,109.34,114.06,110.56,119.45,116.62,116.9,119.17,119.12,120.12
402.5,109.4,114.01,110.95,119.45,116.67,116.84,118.9,119.12,120.01
402.75,109.34,113.95,111.17,119.45,116.62,116.73,118.9,119.12,119.95
403,109.28,114.01,111.23,119.4,116.56,116.45,118.9,119.23,119.9
403.25,109.28,113.95,110.73,119.28,116.51,116.45,119.06,119.12,119.9
403.5,109.17,113.9,110.51,119.28,116.51,116.28,119.17,119.06,119.84
403.75,109.12,113.78,110.67,119.23,116.4,116.4,119.12,119.12,119.73
404,109.06,113.84,110.67,119.06,116.4,116.28,119.23,119.06,119.73
404.25,108.95,113.84,110.84,119.06,116.34,116.23,119.28,119.17,119.67
404.5,108.95,113.78,110.56,119.06,116.28,116.28,119.28,119.12,119.62
404.75,108.95,113.84,110.84,118.95,116.23,116.23,119.28,119.06,119.62
405,108.95,113.78,110.9,118.84,116.23,116.17,119.28,119.01,119.67
405.25,108.78,113.84,110.73,118.84,116.12,116.23,119.28,118.84,119.51
405.5,108.78,113.84,110.12,118.9,116.17,116.28,119.34,118.73,119.51
405.75,108.73,113.67,109.78,118.73,116.06,116.12,119.23,118.4,119.45
406,108.67,113.62,110.12,118.67,116.01,116.12,119.28,118.56,119.34
406.25,108.62,113.56,109.78,118.62,116.01,116.12,119.23,118.56,119.45
406.5,108.51,113.51,110.01,118.56,115.95,116.12,119.23,118.51,119.4
406.75,108.45,113.34,109.95,118.56,116.01,116.06,119.12,118.45,119.28
407,108.4,113.28,109.78,118.51,115.9,115.9,119.12,118.4,119.28
407.25,108.28,113.17,109.73,118.51,115.9,115.73,119.06,118.28,119.28
407.5,108.23,113.17,110.01,118.34,115.84,115.73,118.95,118.28,119.17
407.75,108.17,113.01,109.4,118.34,115.84,115.67,118.9,118.28,119.06
408,108.06,113.01,109.45,118.23,115.73,115.45,119.01,118.06,119.06
408.25,108.01,112.84,109.34,118.23,115.62,115.4,118.9,117.84,119.01
408.5,107.84,112.78,109.51,118.12,115.62,115.45,118.78,117.67,119.06
408.75,107.73,112.78,109.28,118.06,115.4,115.51,118.78,117.28,118.95
409,107.51,112.73,109.45,117.84,115.34,115.01,118.62,117.06,118.84
409.25,107.4,112.67,109.78,117.67,115.34,115.01,118.4,116.67,118.67
409.5,107.23,112.56,109.67,117.62,115.28,114.45,118.23,116.45,118.67
409.75,107.17,112.34,109.56,117.51,115.23,114.67,118.28,116.67,118.51
410,107.06,112.12,109.56,117.51,115.17,114.9,117.78,116.78,118.51
410.25,106.95,111.95,109.23,117.45,115.12,114.9,117.67,116.95,118.51
410.5,106.84,111.73,109.06,117.4,114.95,115.01,117.78,116.45,118.4
410.75,106.84,111.56,109.01,117.4,114.9,115.06,117.56,116.56,118.28
411,106.78,111.4,108.56,117.28,114.84,114.9,117.56,116.34,118.28
411.25,106.73,111.28,108.51,117.23,114.78,114.78,117.62,116.28,118.17
411.5,106.62,111.17,108.28,117.28,114.78,114.78,117.62,116.28,118.06
411.75,106.56,111.06,107.95,117.17,114.73,114.78,117.51,116.34,118.01
412,106.45,110.9,108.06,117.06,114.56,114.67,117.51,116.45,117.9
412.25,106.34,110.84,108.4,117.06,114.67,114.73,117.67,116.45,117.84
412.5,106.28,110.73,108.56,117.01,114.56,114.56,117.67,116.56,117.84
412.75,106.12,110.56,108.4,116.95,114.45,114.34,117.45,116.67,117.73
413,106.01,110.51,108.56,116.78,114.45,114.34,117.34,116.56,117.62
413.25,105.9,110.34,108.62,116.84,114.4,114.4,117.23,116.51,117.62
413.5,105.95,110.23,108.73,116.78,114.4,114.45,117.34,116.23,117.51
413.75,106.01,110.06,108.95,116.73,114.17,114.45,117.34,116.12,117.4
414,105.95,109.95,109.17,116.56,114.23,114.23,117.28,115.73,117.28
414.25,105.9,109.84,109.4,116.56,114.06,114.23,117.28,115.62,117.34
414.5,105.84,109.73,109.51,116.51,114.06,114.23,117.23,115.73,117.17
414.75,105.84,109.62,108.95,116.45,113.95,114.23,117.17,115.45,117.12
415,105.73,109.67,108.84,116.34,113.9,114.23,116.95,115.17,117.01
415.25,105.62,109.62,108.51,116.28,113.9,114.23,117.01,115.23,117.01
415.5,105.56,109.56,108.23,116.17,113.78,114.12,116.73,115.23,116.95
415.75,105.56,109.4,107.67,116.01,113.73,114.06,116.73,115.23,116.9
416,105.56,109.4,107.34,116.01,113.73,114.06,116.78,115.23,116.84
416.25,105.45,109.23,107.34,115.9,113.67,114.06,116.45,115.51,116.73
416.5,105.34,109.12,107.17,115.84,113.62,114.01,116.28,115.67,116.73
416.75,105.34,109.12,107.67,115.84,113.56,113.84,116.28,115.56,116.67
417,105.4,109.01,107.95,115.73,113.51,113.84,116.4,115.4,116.62
417.25,105.4,109.01,108.34,115.67,113.51,113.9,116.4,115.17,116.62
417.5,105.45,109.06,108.17,115.67,113.51,113.84,116.67,115.34,116.62
417.75,105.45,109.06,107.9,115.51,113.51,113.78,116.51,114.84,116.62
418,105.28,109.01,108.01,115.4,113.45,113.78,116.4,114.67,116.51
418.25,105.34,109.01,108.45,115.34,113.4,113.84,115.34,114.67,116.45
418.5,105.23,108.84,108.73,115.28,113.34,113.73,115.84,114.95,116.45
418.75,105.17,108.67,109.01,115.12,113.23,113.67,115.84,115.06,116.28
419,104.95,108.56,109.34,115.01,113.12,113.67,116.01,115.12,116.17
419.25,104.78,108.34,109.45,114.84,112.95,113.51,116.17,114.73,116.12
419.5,104.73,108.34,109.67,114.84,113.01,113.56,116.28,113.84,116.01
419.75,104.62,108.06,109.73,114.73,112.9,113.51,116.12,113.34,115.9
420,104.78,108.06,109.95,114.78,112.9,113.56,115.95,113.56,115.84
420.25,104.84,108.01,110.01,114.67,112.84,113.45,115.9,113.73,115.84
420.5,104.9,108.06,110.17,114.73,112.78,113.34,115.9,113.56,115.62
420.75,104.95,108.01,110.4,114.67,112.73,113.34,116.01,113.51,115.62
421,104.9,107.95,110.4,114.56,112.62,113.23,116.06,113.67,115.56
421.25,104.84,107.95,110.45,114.56,112.56,113.12,115.84,113.62,115.45
421.5,104.84,107.95,110.45,114.56,112.56,113.01,115.84,113.17,115.4
421.75,104.78,107.9,110.23,114.4,112.34,112.9,115.62,112.78,115.23
422,104.62,107.84,109.34,114.34,112.4,112.84,115.67,112.78,115.23
422.25,104.62,107.84,108.4,114.34,112.23,112.73,115.73,112.67,115.12
422.5,104.67,107.78,107.95,114.23,112.17,112.78,115.78,112.78,114.95
422.75,104.56,107.73,107.84,114.23,112.12,112.78,115.73,113.01,114.9
423,104.4,107.56,107.12,114.12,112.06,112.78,115.51,113.28,114.78
423.25,104.45,107.51,107.12,114.17,112.06,112.73,115.17,113.67,114.78
423.5,104.34,107.45,107.34,114.06,111.9,112.56,115.12,113.78,114.67
423.75,104.34,107.28,107.45,114.06,111.78,112.45,115.01,113.56,114.62
424,104.23,107.17,107.12,113.95,112.01,112.51,115.28,113.17,114.51
424.25,104.28,107.12,107.12,113.9,112.01,112.45,115.23,113.12,114.51
424.5,104.17,106.9,107.34,113.78,112.01,112.45,115.28,112.95,114.4
424.75,104.17,106.78,107.51,113.78,111.9,112.4,115.51,112.78,114.23
425,104.28,106.73,107.84,113.67,111.95,112.4,115.34,112.9,114.23
425.25,104.17,106.62,108.06,113.62,111.9,112.28,115.34,113.01,114.12
425.5,104.17,106.56,108.28,113.67,111.78,112.28,115.34,112.73,114.17
425.75,104.17,106.56,108.56,113.56,111.78,112.28,115.17,112.51,114.12
426,104.06,106.51,108.67,113.51,111.62,112.06,115.12,112.56,114.06
426.25,103.95,106.45,108.73,113.4,111.67,112.01,115.28,112.67,114.01
426.5,103.9,106.4,108.95,113.34,111.62,112.01,115.17,112.67,113.9
426.75,103.78,106.34,109.01,113.34,111.56,111.9,115.17,112.95,113.9
427,103.67,106.23,109.12,113.23,111.62,111.9,114.95,112.56,113.9
427.25,103.62,106.12,109.01,113.17,111.51,111.84,115.01,112.45,113.84
427.5,103.51,106.01,109.17,113.23,111.4,111.73,115.01,112.28,113.67
427.75,103.4,105.9,109.17,113.06,111.28,111.67,114.95,112.12,113.62
428,103.4,105.73,109.28,112.95,111.17,111.67,114.78,111.78,113.51
428.25,103.45,105.73,109.4,112.9,111.17,111.62,114.78,111.56,113.45
428.5,103.4,105.67,109.01,112.84,111.06,111.62,114.78,111.84,113.34
428.75,103.23,105.56,108.9,112.84,110.95,111.67,114.67,111.95,113.34
429,103.17,105.45,108.67,112.73,110.84,111.28,114.62,111.9,113.23
429.25,103.17,105.4,108.51,112.73,110.78,111.12,114.56,111.9,113.23
429.5,103.17,105.28,108.45,112.67,110.78,111.06,114.56,111.78,113.12
429.75,102.95,105.23,108.56,112.56,110.78,111.06,114.34,111.73,113.12
430,102.73,105.12,108.56,112.45,110.73,111.12,114.23,111.73,112.95
430.25,102.56,105.06,108.34,112.4,110.67,111.17,113.9,111.9,113.01
430.5,102.34,104.9,107.62,112.34,110.67,111.01,113.95,111.45,112.95
430.75,102.28,104.9,107.67,112.23,110.56,110.95,113.78,110.9,112.84
431,102.28,104.78,107.73,112.23,110.51,110.9,113.9,110.9,112.78
431.25,102.17,104.84,107.73,112.17,110.51,110.9,113.51,111.12,112.78
431.5,102.12,104.73,107.4,112.01,110.34,110.84,113.67,111.23,112.73
431.75,102.17,104.56,107.06,111.9,110.28,110.9,113.45,110.67,112.67
432,102.06,104.45,107.12,111.95,110.23,110.78,113.51,110.51,112.56
432.25,101.9,104.34,107.17,111.9,110.28,110.73,113.51,110.56,112.51
432.5,101.9,104.23,107.34,111.73,110.17,110.62,113.51,110.06,112.4
432.75,101.78,104.17,107.45,111.73,110.17,110.67,113.56,109.95,112.28
433,101.67,104.01,107.51,111.62,110.06,110.56,113.45,109.51,112.28
433.25,101.45,104.01,107.56,111.51,109.73,110.51,112.95,109.23,112.17
433.5,101.51,104.01,107.62,111.51,109.73,110.45,113.4,109.4,112.17
433.75,101.45,103.95,107.4,111.4,109.73,110.45,113.62,109.34,112.06
434,101.51,103.95,106.95,111.34,109.67,110.34,113.67,109.62,112.01
434.25,101.45,103.84,106.9,111.23,109.56,110.34,113.73,110.01,111.95
434.5,101.45,103.9,107.06,111.17,109.56,110.28,113.84,110.34,111.78
434.75,101.34,103.73,107.12,111.06,109.56,110.17,113.78,110.17,111.78
435,101.4,103.62,107.17,110.95,109.51,110.06,113.73,110.23,111.56
435.25,101.28,103.56,107.23,111.01,109.45,110.06,113.78,110.17,111.56
435.5,101.28,103.56,107.28,110.9,109.34,109.95,113.73,109.78,111.4
435.75,101.17,103.45,107.28,110.78,109.17,109.84,113.67,109.67,111.28
436,101.06,103.4,106.95,110.73,109.12,109.84,113.51,109.73,111.28
436.25,101.12,103.51,106.84,110.67,109.17,109.84,113.4,109.84,111.23
436.5,100.9,103.4,106.78,110.62,109.06,109.78,113.4,109.56,111.12
436.75,100.95,103.28,106.84,110.51,108.95,109.67,113.34,109.4,111.01
437,100.84,103.23,106.9,110.51,108.95,109.56,113.45,109.56,110.9
437.25,100.62,103.17,106.95,110.4,108.9,109.51,113.34,109.78,110.84
437.5,100.62,103.23,106.9,110.28,108.84,109.34,113.34,109.67,110.51
437.75,100.62,103.12,106.06,110.28,108.73,109.01,113.45,109.67,110.45
438,100.45,103.01,106.01,110.12,108.67,108.51,113.4,109.51,110.34
438.25,100.34,102.95,105.67,109.95,108.62,108.06,113.51,109.56,110.12
438.5,100.4,102.9,105.73,109.9,108.56,108.4,113.56,109.4,110.06
438.75,100.23,102.78,105.28,109.78,108.51,108.12,113.51,109.51,109.84
439,100.06,102.78,104.45,109.73,108.51,108.06,113.51,109.34,109.73
439.25,99.95,102.73,103.84,109.51,108.34,108.01,113.4,109.17,109.67
439.5,99.84,102.62,103.73,109.51,108.23,107.84,113.34,109.17,109.4
439.75,99.73,102.56,103.51,109.4,108.12,107.73,113.4,109.34,109.12
440,99.67,102.51,102.56,109.34,108.06,107.56,113.45,109.23,108.95
440.25,99.56,102.4,102.01,109.34,107.9,106.78,113.4,109.34,108.73
440.5,99.56,102.45,101.56,109.17,107.73,106.95,113.51,109.51,108.51
440.75,99.45,102.51,101.17,109.12,107.67,106.9,113.45,109.51,108.45
441,99.28,102.51,100.73,109.01,107.56,106.56,113.51,109.56,108.34
441.25,99.17,102.62,100.4,108.95,107.51,106.51,113.67,109.56,108.34
441.5,99.06,102.45,100.17,108.84,107.34,106.01,113.62,109.45,108.17
441.75,99.12,102.67,99.45,108.84,107.28,106.28,113.67,109.4,108.12
442,98.84,102.67,98.51,108.73,107.12,106.28,113.56,109.45,108.12
442.25,98.78,102.62,97.84,108.73,107.06,105.67,113.01,109.45,107.9
442.5,98.56,102.67,96.34,108.34,107.01,105.73,112.78,108.78,107.9
442.75,98.45,102.56,95.45,108.17,106.78,105.78,112.73,108.67,107.73
443,98.4,102.56,95.23,108.01,106.62,105.51,112.73,108.84,107.56
443.25,98.28,102.45,94.23,108.01,106.56,105.51,112.56,108.9,107.4
443.5,98.23,102.4,93.95,108.01,106.4,105.28,112.62,108.95,107.34
443.75,98.12,102.28,93.28,107.84,106.4,105.17,112.34,108.67,107.12
444,98.06,102.4,93.28,107.73,106.28,105.12,112.06,108.34,106.95
444.25,98.01,102.4,92.23,107.62,106.12,104.95,111.95,108.4,106.84
444.5,97.73,102.28,91.51,107.56,106.06,104.28,111.78,108.62,106.73
444.75,97.62,102.23,90.95,107.4,106.06,104.56,111.62,108.67,106.67
445,97.56,102.12,90.45,107.34,105.95,104.51,111.4,108.56,106.56
445.25,97.23,102.06,90.23,107.28,105.84,104.51,111.45,108.67,106.51
445.5,96.9,102.01,90.01,107.12,105.78,104.62,111.34,108.51,106.34
445.75,96.67,101.9,89.56,107.06,105.62,104.51,111.34,108.45,106.12
446,96.51,101.9,89.01,106.9,105.56,104.23,111.17,108.34,106.06
446.25,96.34,101.9,88.9,106.84,105.51,104.17,111.06,108.28,106.01
446.5,96.17,101.78,88.95,106.95,105.34,104.12,110.95,108.28,106.01
446.75,96.17,101.78,88.84,106.67,105.23,104.12,111.01,108.34,106.01
447,96.06,101.78,88.51,106.56,105.06,104.01,110.95,108.34,105.84
447.25,95.95,101.62,88.56,106.56,105.06,103.73,110.9,108.34,105.62
447.5,95.84,101.62,87.9,106.51,104.95,103.62,110.73,108.17,105.67
447.75,95.62,101.56,87.9,106.34,104.84,103.67,110.62,108.17,105.56
448,95.4,101.51,87.67,106.28,104.73,103.45,110.4,108.12,105.34
448.25,95.28,101.51,87.73,106.17,104.62,103.01,110.23,108.01,105.17
448.5,95.23,101.4,87.01,106.06,104.51,102.84,109.9,107.95,105.17
448.75,95.12,101.23,87.12,106.06,104.45,102.84,109.62,107.84,105.06
449,95.01,101.06,87.56,105.95,104.28,102.84,109.51,107.73,105.06
449.25,94.9,100.95,88.17,105.9,104.28,102.73,109.45,107.67,104.84
449.5,94.84,101.01,88.73,105.78,104.17,102.84,109.51,107.51,104.95
449.75,94.84,100.9,89.34,105.62,104.12,102.78,109.51,107.51,104.84
450,94.73,100.9,89.95,105.56,104.01,102.73,109.51,107.4,104.78
450.25,94.67,100.73,90.34,105.4,103.9,102.62,109.4,107.28,104.45
450.5,94.56,100.73,90.28,105.28,103.84,102.56,109.28,107.34,104.28
450.75,94.51,100.73,90.51,105.12,103.67,102.62,109.06,107.28,104.23
451,94.51,100.62,90.56,105.06,103.62,102.56,108.84,107.23,104.06
451.25,94.28,100.56,90.56,104.9,103.56,102.34,108.9,107.17,104.01
451.5,94.28,100.51,91.34,104.78,103.4,102.45,108.73,107.12,103.78
451.75,94.12,100.45,91.51,104.73,103.4,102.51,108.56,106.95,103.62
452,94.17,100.45,91.45,104.62,103.34,102.17,108.4,106.95,103.51
452.25,94.12,100.4,91.51,104.56,103.28,102.17,108.06,107.01,103.28
452.5,94.06,100.4,91.84,104.51,103.17,102.23,107.78,106.95,103.17
452.75,93.95,100.28,92.17,104.34,103.01,102.06,107.56,106.84,103.06
453,93.78,100.23,92.34,104.34,102.95,102.06,107.12,106.78,102.9
453.25,93.67,99.95,92.23,104.17,102.78,101.84,106.78,106.62,102.73
453.5,93.56,99.73,92.28,104.12,102.78,101.51,106.4,106.62,102.62
453.75,93.28,99.4,91.78,103.95,102.62,100.78,106.01,106.4,102.56
454,93.06,99.12,91.12,103.9,102.51,100.62,105.62,106.28,102.45
454.25,92.95,98.73,91.23,103.9,102.4,100.73,105.4,106.17,102.34
454.5,92.95,98.67,91.4,103.84,102.28,100.62,104.9,105.95,102.23
454.75,92.84,98.34,91.56,103.62,102.23,100.84,104.56,105.84,102.01
455,92.67,98.06,91.17,103.51,102.12,100.95,104.34,105.9,101.9
455.25,92.45,97.67,90.23,103.51,102.06,100.84,104.01,105.73,101.78
455.5,92.23,97.56,90.28,103.4,101.95,100.45,103.56,105.62,101.67
455.75,92.01,97.28,89.95,103.23,101.84,100.56,103.28,105.51,101.28
456,91.84,97.06,89.73,103.17,101.67,100.28,103.17,105.34,101.23
456.25,91.73,96.84,89.67,103.12,101.56,100.23,102.84,105.23,101.06
456.5,91.51,96.73,88.9,103.01,101.45,100.34,102.56,105.06,101.01
456.75,91.34,96.51,89.17,102.9,101.4,100.34,102.28,105.01,100.62
457,91.23,96.28,88.62,102.9,101.34,100.23,102.01,104.9,100.56
457.25,91.01,96.17,88.4,102.84,101.23,99.9,101.9,104.78,100.45
457.5,90.9,96.01,88.67,102.73,101.12,99.4,101.73,104.73,100.34
457.75,90.78,95.9,88.78,102.56,101.01,99.67,101.56,104.62,100.17
458,90.67,95.73,88.78,102.51,100.84,99.51,101.23,104.45,99.95
458.25,90.62,95.73,89.06,102.51,100.78,99.34,100.73,104.45,99.78
458.5,90.4,95.56,89.23,102.28,100.62,99.06,100.62,104.45,99.56
458.75,90.28,95.56,89.01,102.28,100.51,99.12,100.45,104.17,99.23
459,90.17,95.4,88.78,102.06,100.4,98.95,100.28,104.12,98.9
459.25,89.78,95.23,88.56,101.95,100.23,98.56,100.12,103.9,98.78
459.5,89.62,95.06,88.28,102.01,100.12,98.73,99.9,103.84,98.67
459.75,89.4,94.95,88.12,101.84,100.06,98.4,99.73,103.67,98.62
460,89.4,94.73,88.01,101.78,99.9,98.51,99.56,103.56,98.45
460.25,89.28,94.56,87.78,101.73,99.84,98.67,99.45,103.45,98.34
460.5,89.17,94.45,87.4,101.56,99.73,98.56,99.23,103.45,98.34
460.75,89.06,94.28,87.28,101.45,99.56,98.34,98.95,103.28,98.12
461,88.9,94.12,86.84,101.45,99.56,98.45,98.62,103.23,97.84
461.25,88.56,94.12,86.67,101.28,99.4,97.78,98.28,103.06,97.62
461.5,88.34,94.06,87.01,101.17,99.28,97.84,98.06,102.84,97.28
461.75,88.17,93.95,86.51,101.01,99.23,97.67,97.9,102.73,97.17
462,88.01,93.95,86.9,100.95,99.12,97.67,97.56,102.62,97.06
462.25,87.84,93.84,86.95,100.9,99.06,97.51,97.34,102.51,96.84
462.5,87.62,93.84,86.95,100.73,98.9,97.28,97.06,102.45,96.73
462.75,87.51,93.9,87.4,100.67,98.73,97.28,97.12,102.28,96.51
463,87.51,93.73,87.45,100.56,98.62,97.06,97.06,102.28,96.23
463.25,87.51,93.73,87.4,100.51,98.56,97.23,96.9,102.06,96.06
463.5,87.34,93.73,87.12,100.45,98.45,97.12,96.9,101.9,96.01
463.75,87.28,93.62,87.12,100.34,98.45,97.23,96.95,101.9,95.95
464,87.12,93.51,86.95,100.23,98.34,97.01,96.73,101.78,95.73
464.25,86.84,93.4,87.12,100.17,98.23,96.67,96.56,101.67,95.56
464.5,86.78,93.34,87.23,100.06,98.17,96.73,96.51,101.56,95.4
464.75,86.78,93.23,87.23,99.9,98.01,96.9,96.28,101.34,95.28
465,86.78,93.01,87.45,99.9,98.01,96.9,96.06,101.17,95.12
465.25,86.56,92.95,87.23,99.73,97.9,96.4,96.01,101.23,95.17
465.5,86.45,92.78,87.17,99.67,97.84,96.28,95.78,101.06,95.12
465.75,86.28,92.67,86.95,99.56,97.67,96.23,95.67,101.01,94.84
466,86.06,92.4,86.95,99.45,97.56,95.67,95.62,100.84,94.78
466.25,85.9,92.17,86.62,99.45,97.56,95.67,95.51,100.62,94.56
466.5,85.73,91.95,86.62,99.28,97.4,95.4,95.34,100.62,94.45
466.75,85.62,91.73,86.56,99.23,97.23,95.56,95.4,100.51,94.34
467,85.62,91.62,86.51,99.12,97.28,95.45,95.4,100.4,94.28
467.25,85.4,91.51,86.45,99.01,97.17,95.62,95.28,100.34,94.17
467.5,85.28,91.23,86.23,98.95,97.06,95.23,95.06,100.28,94.06
467.75,85.12,91.12,85.73,98.78,96.9,94.9,95.01,100.01,93.84
468,84.9,90.95,85.9,98.9,96.84,94.78,94.9,99.9,93.73
468.25,84.78,90.73,86.12,98.78,96.73,94.67,94.9,99.84,93.73
468.5,84.84,90.73,86.06,98.67,96.73,94.84,94.84,99.73,93.56
468.75,84.56,90.4,86.17,98.56,96.56,94.4,94.84,99.62,93.45
469,84.56,90.34,85.62,98.45,96.34,94.01,94.78,99.51,93.34
469.25,84.4,90.17,85.95,98.4,96.28,94.4,94.73,99.4,93.28
469.5,84.4,90.17,85.84,98.23,96.23,94.51,94.67,99.28,92.95
469.75,84.23,90.01,85.56,98.17,96.17,94.34,94.62,99.23,92.95
470,84.12,89.95,85.4,98.17,96.06,94.56,94.56,99.12,92.78
470.25,84.12,89.78,85.17,98.01,95.95,94.62,94.62,99.01,92.67
470.5,83.9,89.67,85.12,98.01,95.95,94.45,94.51,98.95,92.62
470.75,83.84,89.62,84.51,97.95,95.9,94.4,94.45,98.78,92.4
471,83.56,89.4,84.56,97.9,95.84,94.51,94.4,98.73,92.45
471.25,83.51,89.34,84.23,97.84,95.78,94.45,94.23,98.56,92.4
471.5,83.28,89.12,83.51,97.67,95.62,94.23,94.01,98.45,92.23
471.75,83.01,88.9,83.34,97.56,95.56,94.01,93.95,98.34,92.12
472,83.01,88.67,83.12,97.56,95.45,93.95,93.78,98.17,91.95
472.25,82.9,88.45,82.9,97.45,95.45,93.9,93.56,98.12,91.9
472.5,82.78,88.23,82.4,97.34,95.23,93.67,93.56,98.06,91.73
472.75,82.67,88.17,78.4,97.23,95.12,93.45,93.56,97.9,91.67
473,82.62,87.95,76.23,97.17,95.17,93.45,93.84,97.9,91.51
473.25,82.56,87.73,74.56,97.06,95.01,93.51,93.9,97.67,91.28
473.5,82.51,87.67,72.45,97.06,94.9,93.56,94.28,97.67,91.23
473.75,82.4,87.67,71.4,96.95,94.84,93.62,94.23,97.51,91.17
474,82.28,87.62,71.4,96.73,94.84,93.51,94.4,97.45,91.12
474.25,82.17,87.51,72.34,96.67,94.73,93.45,95.4,97.28,91.01
474.5,82.17,87.56,72.73,96.56,94.62,93.56,97.34,97.12,90.84
474.75,82.06,87.62,72.67,96.51,94.51,93.28,98.45,96.9,90.67
475,81.95,87.62,72.9,96.28,94.4,93.01,99.06,96.73,90.67
475.25,81.9,87.62,73.84,96.17,94.23,93.01,99.06,96.56,90.56
475.5,81.73,87.62,74.62,96.06,94.17,93.01,98.9,96.23,90.45
475.75,81.67,87.51,75.34,95.9,94.01,92.95,98.62,96.17,90.4
476,81.56,87.62,75.84,95.67,94.01,93.01,98.4,96.12,90.34
476.25,81.51,87.45,76.01,95.67,93.9,92.84,98.17,95.95,90.23
476.5,81.28,87.56,76.51,95.56,93.84,92.73,98.06,95.95,90.17
476.75,81.34,87.62,77.17,95.4,93.78,92.62,97.9,95.9,90.06
477,81.17,87.62,77.67,95.23,93.67,92.56,97.73,95.62,90.01
477.25,81.12,87.62,77.67,95.12,93.51,92.56,97.51,95.51,89.95
477.5,80.95,87.62,77.84,94.9,93.4,92.45,97.28,95.45,89.84
477.75,80.78,87.56,77.84,94.78,93.4,92.4,97.62,95.23,89.73
478,80.67,87.51,77.84,94.67,93.4,92.28,97.95,95.06,89.56
478.25,80.56,87.45,77.84,94.45,93.23,92.06,97.84,94.95,89.56
478.5,80.45,87.34,77.84,94.28,93.17,91.84,97.45,94.84,89.45
478.75,80.23,87.28,77.34,94.23,93.06,92.06,97.23,94.73,89.34
479,80.06,87.23,77.34,94.12,93.01,91.9,97.06,94.73,89.34
479.25,80.06,87.17,77.23,94.06,92.95,91.67,96.95,94.62,89.34
479.5,79.9,87.12,77.17,93.84,92.84,91.67,96.73,94.56,89.23
479.75,79.84,87.06,77.06,93.78,92.84,91.62,96.73,94.51,89.12
480,79.67,87.12,77.06,93.73,92.73,91.56,96.56,94.34,89.12
480.25,79.56,87.17,76.4,93.62,92.73,91.51,96.45,94.23,89.12
480.5,79.34,87.06,76.45,93.45,92.62,91.45,96.17,94.06,88.95
480.75,79.23,87.12,76.01,93.4,92.45,91.34,95.9,93.95,88.95
481,79.06,87.06,75.78,93.23,92.45,91.34,95.84,93.84,88.9
481.25,78.95,87.12,75.12,93.17,92.28,91.17,95.34,93.73,88.84
481.5,78.78,87.06,75.34,93.12,92.28,91.06,95.06,93.62,88.73
481.75,78.84,87.06,75.34,93.01,92.23,91.12,95.12,93.62,88.73
482,78.62,87.23,75.67,92.84,92.23,90.95,95.06,93.51,88.67
482.25,78.51,87.17,75.62,92.78,92.06,90.84,94.84,93.34,88.73
482.5,78.4,87.12,75.45,92.73,92.06,90.78,94.73,93.12,88.56
482.75,78.28,87.12,75.06,92.62,91.9,90.67,94.56,93.12,88.56
483,78.12,87.12,75.12,92.45,91.84,90.62,94.51,92.95,88.4
483.25,77.95,87.06,75.01,92.4,91.78,90.67,94.34,92.9,88.45
483.5,77.9,87.01,74.45,92.28,91.73,90.62,94.23,92.78,88.28
483.75,77.78,87.12,74.56,92.12,91.67,90.56,94.12,92.67,88.34
484,77.62,87.01,74.51,92.06,91.56,90.51,94.12,92.62,88.23
484.25,77.51,87.01,74.78,92.01,91.56,90.45,94.06,92.45,88.17
484.5,77.56,87.01,75.06,92.01,91.56,90.28,94.06,92.4,88.17
484.75,77.4,86.95,75.12,91.9,91.51,90.17,93.84,92.34,88.01
485,77.28,87.01,75.34,91.84,91.45,90.17,93.78,92.12,88.06
485.25,77.12,86.95,75.28,91.67,91.34,90.17,93.73,92.01,88.01
485.5,77.01,86.95,74.84,91.56,91.23,90.01,93.23,91.9,87.84
485.75,77.01,86.95,74.78,91.51,91.17,89.84,93.06,91.73,87.9
486,76.84,86.78,74.84,91.4,91.01,89.78,92.84,91.62,87.78
486.25,76.78,86.78,74.56,91.28,90.95,89.73,92.78,91.51,87.73
486.5,76.67,86.73,74.56,91.28,91.01,89.78,92.62,91.45,87.67
486.75,76.56,86.67,74.45,91.12,90.9,89.84,92.56,91.4,87.51
487,76.4,86.73,74.45,91.12,90.84,89.56,92.4,91.28,87.56
487.25,76.23,86.62,74.51,91.01,90.78,89.51,92.45,91.23,87.45
487.5,76.12,86.56,74.78,90.95,90.67,89.56,92.23,91.17,87.4
487.75,76.12,86.62,74.78,90.95,90.67,89.56,92.23,91.12,87.34
488,75.95,86.62,74.9,90.78,90.67,89.4,92.12,91.06,87.28
488.25,75.84,86.62,74.95,90.67,90.62,89.56,92.23,90.9,87.28
488.5,75.84,86.45,75.28,90.73,90.62,89.51,92.28,90.9,87.23
488.75,75.67,86.51,75.17,90.56,90.51,89.4,92.23,90.84,87.17
489,75.62,86.45,75.45,90.56,90.51,89.28,92.23,90.67,87.12
489.25,75.51,86.45,75.56,90.51,90.45,89.17,92.23,90.56,87.01
489.5,75.28,86.28,75.51,90.23,90.34,89.06,91.95,90.51,86.95
489.75,75.28,86.28,75.23,90.23,90.23,88.9,91.73,90.28,86.84
490,75.17,86.28,75.28,90.17,90.23,88.84,91.67,90.23,86.78
490.25,75.12,86.23,75.01,90.17,90.17,88.84,91.51,90.12,86.73
490.5,74.95,86.12,74.78,90.06,90.12,88.84,91.45,90.06,86.73
490.75,74.84,86.12,74.62,90.01,90.01,88.78,91.23,90.01,86.62
491,74.73,85.95,74.51,89.9,89.9,88.84,91.12,89.84,86.56
491.25,74.67,86.01,74.28,89.73,89.84,88.56,91.12,89.84,86.56
491.5,74.56,85.95,74.4,89.67,89.84,88.45,91.12,89.62,86.4
491.75,74.34,85.9,74.06,89.56,89.78,88.34,91.06,89.51,86.45
492,74.28,85.78,74.17,89.51,89.67,88.51,90.95,89.45,86.28
492.25,74.23,85.73,74.12,89.45,89.62,88.45,90.9,89.34,86.23
492.5,74.12,85.62,74.01,89.28,89.45,88.34,90.9,89.17,86.23
492.75,73.95,85.62,74.01,89.23,89.45,88.23,90.84,89.06,86.12
493,73.95,85.56,74.17,89.12,89.45,88.23,90.73,89.01,86.12
493.25,73.9,85.45,73.9,89.06,89.34,88.17,90.62,89.01,86.01
493.5,73.67,85.4,73.9,88.95,89.17,88.01,90.56,88.9,85.95
493.75,73.67,85.45,73.73,88.9,89.17,88.12,90.4,88.73,85.9
494,73.51,85.34,73.84,88.9,89.23,88.12,90.4,88.67,85.9
494.25,73.45,85.34,73.62,88.78,89.12,87.95,90.28,88.51,85.73
494.5,73.34,85.23,73.78,88.73,89.12,88.01,90.23,88.45,85.78
494.75,73.28,85.23,73.62,88.73,89.06,88.01,90.17,88.4,85.73
495,73.23,85.23,73.95,88.51,89.06,87.9,90.17,88.4,85.73
495.25,73.17,85.23,73.84,88.51,88.95,87.84,90.01,88.23,85.56
495.5,73.06,85.17,73.84,88.45,88.9,87.67,90.06,88.28,85.51
495.75,72.95,85.12,73.67,88.28,88.84,87.67,90.06,88.06,85.4
496,72.84,85.06,73.78,88.23,88.73,87.51,90.06,87.95,85.34
496.25,72.67,85.01,73.4,88.17,88.73,87.45,90.01,87.73,85.23
496.5,72.67,85.01,73.45,88.12,88.67,87.4,89.9,87.78,85.23
